:020000040800F2
:10000000000008241D3A0008D5360008DD36000837
:10001000E5360008ED360008F5360008000000005F
:1000200000000000000000000000000051D30008A4
:10003000FD36000800000000A1D500080B370008BD
:100040006D3A00086D3A00086D3A00086D3A0008F4
:100050006D3A00086D3A00086D3A00086D3A0008E4
:100060006D3A00086D3A00086D3A00086D3A0008D4
:100070006D3A00086D3A00086D3A00086D3A0008C4
:100080006D3A00086D3A00086D3A00086D3A0008B4
:100090006D3A00086D3A00086D3A000825370008EF
:1000A0006D3A00086D3A00086D3A00086D3A000894
:1000B0006D3A00086D3A00086D3A00086D3A000884
:1000C0006D3A00086D3A00086D3A00086D3A000874
:1000D0006D3A00086D3A00086D3A00086D3A000864
:1000E000493700086D3A0008000000006D3A00082A
:1000F0006D3A00086D3A00086D3A00086D3A000844
:100100006D3A00086D3A00086D3A00086D3A000833
:100110006D3A00086D3A00086D3A00086D3A000823
:100120006D3A00086D3A00086D3A00086D3A000813
:100130006D3A00086D3A00086D3A00086D3A000803
:1001400000000000000000000000000000000000AF
:100150006D3A00086D3A00086D3A00086D3A0008E3
:100160006D3A00086D3A00086D3A00086D3A0008D3
:100170006D3A00086D3A00086D3A00080000000072
:100180006D3A00086D3A00086D3A00086D3A0008B3
:100190006D3A00086D3A00086D3A00086D3A0008A3
:1001A0006D3A00086D3A00086D3A00086D3A000893
:1001B0006D3A00086D3A00086D3A00086D3A000883
:1001C0006D3A00086D3A00086D3A00086D3A000873
:1001D0006D3A00086D3A00086D3A00086D3A000863
:1001E0006D3A00086D3A00086D3A00086D3A000853
:1001F0006D3A00086D3A00086D3A00086D3A000843
:100200006D3A00086D3A00086D3A00086D3A000832
:100210006D3A00086D3A00086D3A00086D3A000822
:100220006D3A00086D3A00086D3A000800000000C1
:100230006D3A00086D3A0008000000006D3A0008B1
:100240006D3A00086D3A00086D3A00086D3A0008F2
:100250006D3A00086D3A00086D3A00086D3A0008E2
:100260006D3A00086D3A00086D3A00086D3A0008D2
:100270006D3A00086D3A00086D3A00080000000071
:100280006D3A00086D3A00086D3A00080000000061
:08029000000000006D3A0008B7
:1002A00010B5054C237833B9044B13B10448AFF3B0
:1002B00000800123237010BD1803002400000000FB
:1002C000B007010808B5034B1BB103490348AFF35E
:1002D000008008BD000000001C030024B0070108D6
:1002E00010F8012B11F8013B012A28BF9A42F7D0E0
:1002F000D01A70470000000000000000000000005D
:1003000001F0FF01102A2BDB10F0070F08D010F8C6
:10031000013B013A8B422DD010F0070F42B3F6D1CA
:10032000F0B441EA012141EA014122F007047FF0E3
:1003300000070023F0E80256083C85EA010586EA3A
:10034000010685FA47F5A3FA87F586FA47F6A5FA76
:1003500087F68EB9EED1F0BC01F0FF0102F0070282
:1003600032B110F8013B013A83EA010313B1F8D12D
:100370000020704701387047002D06BF354603380E
:10038000073815F0010F07D1013015F4807F02BF47
:10039000013015F4C03F0130F0BC0138704700BF98
:1003A000034613F8012B002AFBD1181A01387047B5
:1003B00053B94AB9002908BF00281CBF4FF0FF31CC
:1003C0004FF0FF3000F06AB9ADF1080C6DE904CED2
:1003D00000F006F8DDF804E0DDE9022304B0704720
:1003E0002DE9F047089D0C46002B4ED194468C45D4
:1003F0008646B2FA82F262D94AB1C2F12003914034
:1004000020FA03F30CFA02FC194300FA02FE4FEA49
:100410001C471FFA8CF6B1FBF7F44FEA1E4307FBAB
:10042000141143EA014304FB06F199420AD91CEB7B
:10043000030304F1FF3080F01281994240F20F81F2
:10044000023C6344591A1FFA8EF3B1FBF7F007FB25
:10045000101143EA014300FB06F69E420AD91CEB49
:10046000030300F1FF3180F0FC809E4240F2F980EE
:10047000634402389B1B40EA044000211DB1D34075
:100480000022C5E90032BDE8F0878B4205D90DB1E5
:10049000C5E9000100210846F5E7B3FA83F1002918
:1004A00046D1A34202D39042C0F0F080861A64EB9A
:1004B00003030120002DE6D0C5E90063E3E7002A2D
:1004C00040F09080A1EB0C044FEA1C481FFA8CF717
:1004D0000121B4FBF8F64FEA1E4308FB164443EA39
:1004E000044307FB06F0984208D91CEB030306F10E
:1004F000FF3402D2984200F2CD8026461C1A1FFA21
:100500008EF3B4FBF8F008FB104443EA044300FB0D
:1005100007F79F4208D91CEB030300F1FF3402D216
:100520009F4200F2B0802046DB1B40EA0640A5E770
:10053000C1F120068B4022FA06F71F4320FA06FC81
:1005400004FA01F343EA0C03F44000FA01F8380C12
:100550004FEA1349B4FBF0FE1FFA87FC00FB1E4470
:1005600049EA04440EFB0CF9A14502FA01F20AD94A
:100570003C190EF1FF3A80F08480A14540F2818061
:10058000AEF1020E3C44A4EB09041FFA83F9B4FB5C
:10059000F0F300FB134449EA044403FB0CFCA445BC
:1005A00007D93C1903F1FF3067D2A44565D9023B56
:1005B0003C4443EA0E40A0FB0293A4EB0C049C4293
:1005C000CE469C4651D34ED055B1B8EB0E0364EBEA
:1005D0000C0404FA06F6CB401E43CC40C5E9006487
:1005E000002150E7C2F1200320FA03F10CFA02FCCB
:1005F00024FA03F394400C434FEA1C4800FA02FE2D
:100600001FFA8CF7B3FBF8F008FB1031230C43EA18
:10061000014300FB07F1994208D91CEB030300F1E9
:10062000FF362CD299422AD9023863445B1AA4B20D
:10063000B3FBF8F108FB113344EA034401FB07F371
:10064000A34208D91CEB040401F1FF3613D2A342E4
:1006500011D902396444E41A41EA004139E70446F9
:10066000F0E6084606E7C845AED2B9EB020E63EBEA
:10067000070C0138A8E73146EDE7034699E7304615
:10068000D4E7D6467FE7634402384DE70646234663
:1006900008460FE7023E634430E700BF704700BFE3
:1006A00080B5C0B000AFF860381D80E8060007F5DF
:1006B0008072A2F5807213600023C7F8E430C84B43
:1006C000C7F8E830BB68C7491846FFF709FE03467C
:1006D000002B40F004817B68C7F8FC3007F580737D
:1006E000A3F58073C04918680EF030F80346002B5C
:1006F00007D1D7F8FC300833C7F8E430BB4BC7F854
:10070000E83007F58073A3F58073B94918680EF0D7
:100710001DF80346002B07D1D7F8FC304033C7F84B
:10072000E430B24BC7F8E83007F58073A3F5807367
:10073000B04918680EF00AF80346002B07D1D7F825
:10074000FC307833C7F8E430AB4BC7F8E83007F536
:100750008073A3F58073A94918680DF0F7FF03466D
:10076000002B08D1D7F8FC3003F5AC73C7F8E430A0
:10077000A14BC7F8E83007F58073A3F58073A04953
:1007800018680DF0E3FF0346002B08D1D7F8FC30C2
:1007900003F50E73C7F8E430974BC7F8E83007F558
:1007A0008073A3F58073974918680DF0CFFF034657
:1007B000002B08D1D7F8FC3003F54673C7F8E430B6
:1007C0008D4BC7F8E83007F58073A3F580738E4929
:1007D00018680DF0BBFF0346002B08D1D7F8FC309A
:1007E00003F57E73C7F8E430834BC7F8E83007F5AC
:1007F0008073A3F58073854918680DF0A7FF034641
:10080000002B08D1D7F8FC3003F59B63C7F8E43020
:10081000794BC7F8E83007F58073A3F580737C49FE
:1008200018680DF093FF0346002B08D1D7F8FC3071
:1008300003F5B763C7F8E4306F4BC7F8E83007F546
:100840008073A3F58073734918680DF07FFF03462A
:10085000002B08D1D7F8FC3003F5D363C7F8E43098
:10086000654BC7F8E83007F58073A3F580736A49D4
:1008700018680DF06BFF0346002B08D1D7F8FC3049
:1008800003F5EF63C7F8E430584BC7F8E83007F5D5
:100890008073A3F58073614918680DF057FF034614
:1008A000002B08D1D7F8FC3003F5F663C7F8E43025
:1008B0004E4BC7F8E83007F58073A3F580735849AD
:1008C00018680DF043FF0346002B08D1D7F8FC3021
:1008D00003F5FD63C7F8E430444BC7F8E830BB6864
:1008E00045491846FFF7FCFC0346002B4DD17B68B9
:1008F000C7F8F83007F58073A3F580734949186885
:100900000DF024FF0346002B06D1D7F8F830C7F8C6
:10091000E430364BC7F8E83007F58073A3F58073F1
:10092000414918680DF012FF0346002B07D1D7F894
:10093000F8303833C7F8E4302C4BC7F8E83007F507
:100940008073A3F58073394918680DF0FFFE0346E4
:10095000002B07D1D7F8F8307033C7F8E430234BB9
:10096000C7F8E83007F58073A3F58073304918683D
:100970000DF0ECFE0346002B07D1D7F8F830A83372
:10098000C7F8E430194BC7F8E830BB681749184678
:10099000FFF7A6FC0346002B40F092807B68C7F867
:1009A000F43007F58073A3F58073224918680DF0C1
:1009B000CDFE0346002B07D1D7F8F4301033C7F82B
:1009C000E4301D4BC7F8E83007F58073A3F580735A
:1009D0001A4918680DF0BAFE0346002B37D12FE0F4
:1009E000C8070108CC070108D8070108DC0701087F
:1009F000E4070108EC070108F0070108FC070108FB
:100A00000008010804080108080801080C0801088A
:100A10001008010814080108180801082008010836
:100A200028080108300801083408010838080108BE
:100A30003C08010840080108440801084C08010866
:100A4000D7F8F430C7F8E430544BC7F8E83007F56E
:100A50008073A3F58073524918680DF077FE034642
:100A6000002B07D1D7F8F4300833C7F8E4304B4BEC
:100A7000C7F8E83007F58073A3F580734949186813
:100A80000DF064FE0346002B07D1D7F8F4301C3379
:100A9000C7F8E430444BC7F8E83007F58073A3F596
:100AA0008073424918680DF051FE0346002B07D1B0
:100AB000D7F8F4302033C7F8E4303D4BC7F8E830BE
:100AC000BB683B491846FFF70BFC0346002B3AD1A5
:100AD0007B68C7F8F03007F58073A3F5807335495C
:100AE00018680DF033FE0346002B06D1D7F8F0301E
:100AF000C7F8E430304BC7F8E83007F58073A3F54A
:100B000080732E4918680DF021FE0346002B07D193
:100B1000D7F8F0300433C7F8E430274BC7F8E83093
:100B200007F58073A3F58073254918680DF00EFE54
:100B30000346002B07D1D7F8F0300833C7F8E4306C
:100B40001D4BC7F8E830BB6817491846FFF7C8FBCC
:100B50000346002B14D17B68C7F8EC3007F580738F
:100B6000A3F58073174918680DF0F0FD0346002BBC
:100B700006D1D7F8EC30C7F8E4300F4BC7F8E830AF
:100B8000FB681A4607F1E40393E8030082E80300D8
:100B9000F86807F58077BD4680BD00BF44080108AE
:100BA00050080108540801085C080108640801089D
:100BB0006808010870080108780801087C08010825
:100BC000840801088808010880B485B000AFF86087
:100BD00087ED000BFB6893ED027B97ED006BB4EEA5
:100BE000C76BF1EE10FA04DDFB68D3E90223C7E915
:100BF0000023FB6893ED007B97ED006BB4EEC76BB1
:100C0000F1EE10FA04D5FB68D3E90023C7E900230D
:100C1000F968D7E90023C1E90423FB68DB69012BEC
:100C20002ED1FB68DB6A002B2AD0FB68DB6A002B25
:100C300026D0FB685B6A002B03F00103B8BF5B4260
:100C4000FA680A339B0013445A68FB689B6ADB000E
:100C5000D118D7E90023C1E90023FB689B6A5A1C1D
:100C6000FB689A62FB681A6AFB689B6A9A4207DC17
:100C7000FB6800229A62FB685B6A5A1CFB685A6236
:100C800000BF1437BD465DF8047B704780B5ADF6F4
:100C9000180D00AFAF494FF00002AF4BC1E9002380
:100CA000AC4B08333822002118460DF046FDA94907
:100CB0004FF00002A94BC1E90423A6494FF00002FE
:100CC0004FF08043C1E90623A24B40333822002174
:100CD00018460DF032FD9F4B03F5EF6338220021DB
:100CE00018460DF02AFD9B4B03F5F06319464FF0B3
:100CF00000029B4BC1E90023964B78333822002138
:100D000018460DF01AFD93494FF00002954BC1E9CA
:100D10001E2390494FF00002934BC1E920238D4BD5
:100D2000B0333822002118460DF007FD89494FF0F5
:100D300000028C4BC1E92C2386494FF000028A4BFC
:100D4000C1E92E23834BE8333822002118460DF0E9
:100D5000F4FC80494FF00002824BC1E93A237D49FF
:100D60004FF00002804BC1E93C237A4B03F59073AE
:100D70003822002118460DF0E0FC76494FF00002C1
:100D80007A4BC1E9482373494FF00002784BC1E91F
:100D90004A2370494FF00002744BC1E94C236D4B5C
:100DA00003F5AC733822002118460DF0C6FC6949E2
:100DB0004FF000026B4BC1E9562366494FF0000229
:100DC000694BC1E95823634B03F5C87338220021EE
:100DD00018460DF0B2FC5F494FF00002614BC1E9CB
:100DE00064235C494FF000025F4BC1E96623594B15
:100DF00003F5E4733822002118460DF09EFC554996
:100E00004FF00002574BC1E9722352494FF00002E4
:100E1000554BC1E974234F4B03F500733822002171
:100E200018460DF08AFC4B494FF000024F4BC1E9C8
:100E3000802348494FF000024D4BC1E982234549C8
:100E40004FF00002494BC1E98423424B03F50E7376
:100E50003822002118460DF070FC3E494FF0000288
:100E6000404BC1E98E233B494FF000023E4BC1E9A4
:100E70009023384B03F51C733822002118460DF0DF
:100E80005CFC34494FF00002364BC1E99C233149E8
:100E90004FF00002344BC1E99E232E4B03F52A7319
:100EA0003822002118460DF048FC2A494FF0000274
:100EB0002C4BC1E9AA2327494FF000022A4BC1E974
:100EC000AC23244B03F538733822002118460DF06B
:100ED00034FC20494FF00002244BC1E9B8231D49DE
:100EE0004FF00002224BC1E9BA231A494FF0000229
:100EF0001E4BC1E9BC23174B03F546733822002172
:100F000018460DF01AFC13494FF00002154BC1E9C9
:100F1000C62310494FF00002134BC1E9C8230D4B03
:100F200003F554733822002118460DF006FC0949D8
:100F30004FF000020B4BC1E9D42306494FF00002E9
:100F4000094BC1E9D623034B03F562733822002114
:100F500018460FE0380300240000104000005940FC
:100F600000001C40000008C0000008400000F03FE6
:100F7000000049400DF0E1FBB8494FF00002B84BCA
:100F8000C1E9E223B5494FF00002B64BC1E9E423C1
:100F9000B24B03F570733822002118460DF0CDFBDB
:100FA000AE494FF00002B04BC1E9F023AB494FF01E
:100FB0000002AE4BC1E9F223A8494FF00002AA4B50
:100FC000C1E9F423A54B03F57E73382200211846AE
:100FD0000DF0B3FBA1494FF00002A14BC1E9FE2384
:100FE0009E4B03F5806319464FF000029D4BC1E90B
:100FF00000239A4B03F586633822002118460DF032
:101000009CFB964B03F5866319464FF00002944B08
:10101000C1E90023914B03F5886319464FF00002A4
:10102000904B41E902238D4B03F58D63382200215B
:1010300018460DF082FB894B03F58E6319464FF07D
:101040000002874B41E90223844B03F58E63194666
:101050004FF00002834BC1E90023804B03F59463FA
:101060003822002118460DF068FB7C4B03F5946391
:1010700019464FF000027C4BC1E90023774B03F582
:10108000966319464FF00002784B41E90223734BF7
:1010900003F5966319464FF00002734BC1E9002334
:1010A0006E4B03F59B633822002118460DF045FB7B
:1010B0006A4B03F59C6319464FF00002684B41E907
:1010C0000223664B03F59C6319464FF00002654B03
:1010D000C1E90023614B03F5A263382200211846C1
:1010E0000DF02BFB5D4B03F5A26319464FF0000298
:1010F0005B4BC1E90023594B03F5A46319464FF03C
:101100000002584B41E90223544B03F5A9633822EE
:10111000002118460DF011FB504B03F5AA63194648
:101120004FF000024E4B41E902234C4B03F5AA63FA
:1011300019464FF000024B4BC1E90023474B03F522
:10114000B0633822002118460DF0F7FA434B03F53F
:10115000B06319464FF00002434BC1E900233F4BF7
:1011600003F5B26319464FF00002404B41E90223F8
:101170003A4B03F5B26319464FF000023A4BC1E90E
:101180000023364B03F5B7633822002118460DF0D3
:10119000D4FA324B03F5B86319464FF00002304BD6
:1011A00041E902232D4B03F5B86319464FF00002C5
:1011B0002C4BC1E90023294B03F5BE6338220021E3
:1011C00018460DF0BAFA254B03F5BE6319464FF0E9
:1011D0000002234BC1E90023204B03F5C0631946ED
:1011E0004FF000021F4B41E902231C4B03F5C5637E
:1011F0003822002118460DF0A0FA184B03F5C663FB
:1012000019464FF00002164B41E90223134B03F538
:10121000C66319464FF00002124BC1E900230F4B81
:1012200003F5CC633822002118460DF086FA0B4BEB
:1012300003F5CC6319464FF000020B4BC1E90023C4
:10124000064B03F5CE6319464FF00002074B41E908
:101250000223024B03F5CE63194609E0380300244C
:10126000000008C0000008400000F03F00004940B6
:101270004FF000024D4BC1E900234D4B03F5D36302
:101280003822002118460DF058FA494B03F5D46373
:1012900019464FF00002474B41E90223444B03F546
:1012A000D46319464FF00002434BC1E90023404B81
:1012B00003F5DA633822002118460DF03EFA3C4B64
:1012C00003F5DA6319464FF000023A4BC1E90023F7
:1012D000374B03F5DC6319464FF00002364B41E90A
:1012E0000223334B03F5E1633822002118460DF049
:1012F00024FA2F4B03F5E26319464FF000022D4B01
:1013000041E902232A4B03F5E26319464FF000023C
:10131000294BC1E90023264B03F5E863382200215D
:1013200018460DF00AFA224B03F5E86319464FF010
:1013300000021E4BC1E900231D4B03F5EA63194669
:101340004FF000021D4B41E90223194B03F5EA63FC
:1013500019464FF00002154BC1E90023144B03F569
:10136000F6633822002118460DF0E7F9104B03F51B
:10137000F86319464FF000020C4B41E902230C4B75
:1013800003F5FD633822002118460DF0D6F9084B0D
:1013900003F5FE6319464FF00002044BC1E9002338
:1013A00000BF07F61807BD4680BD00BF0000F03F34
:1013B00038030024000008C0000008400000494035
:1013C00080B5B8B000AF786039600023C7F8DC3072
:1013D0000023C7F8D8300023C7F8D43000233B736C
:1013E0007868FEF7DDFF0346C7F8D430D7F8D4306D
:1013F0007A6813443B221A700023C7F8DC302FE0D0
:10140000D7F8DC307A6813441B783B2B12D107F1F4
:101410007002D7F8D830134400221A700023C7F89E
:10142000D83007F10C0207F170031146184600F09E
:1014300029F810E0D7F8DC307A681344197807F1FE
:101440007002D7F8D83013440A461A70D7F8D8304B
:101450000133C7F8D830D7F8DC300133C7F8DC30B7
:10146000D7F8DC20D7F8D4309A42C9DD07F10C0355
:10147000194638680DF01BFA00231846E037BD46C0
:1014800080BD000090B5DBB000AF07F5B473A3F5E5
:10149000B273186007F5B473A3F5B4731960002331
:1014A000C7F864310023C7F860310023C7F8E4307F
:1014B00007F1E8036022002118460DF03EF90023F1
:1014C000C7F8803007F184036022002118460DF030
:1014D00034F907F5B473A3F5A67300221A60043338
:1014E0006022002118460DF028F907F5B473A3F522
:1014F000B273186800F0B6FA07F5B473A3F5B273C7
:101500001868FEF74DFF0346C7F8503114E0D7F8CE
:10151000603107F5B472A2F5B272126813441978FB
:1015200007F1E402D7F8603113440A461A70D7F87D
:1015300060310133C7F86031D7F86021D7F85031F6
:101540009A420ADAD7F8603107F5B472A2F5B2729E
:10155000126813441B78202BD9D107F1E402D7F885
:101560006031134400221A70D7F860310133C7F894
:10157000603119E0D7F8603107F5B472A2F5B272A4
:1015800012681344197807F18002D7F864311344C4
:101590000A461A70D7F860310133C7F86031D7F8BE
:1015A00064310133C7F86431D7F86021D7F850317E
:1015B0009A420ADAD7F8603107F5B472A2F5B2722E
:1015C000126813441B78202BD4D107F18002D7F87E
:1015D0006431134400221A704FF0FF33C7F85C31B6
:1015E0000023C7F8583107F5B473A3F5AA73AA4AC4
:1015F00092E8030083E8030007F5B473A3F5AE7126
:1016000007F5B473A3F5AA720B4692E8030083E8CA
:10161000030054E0D7F85C310133C7F85C31002394
:10162000C7F8583118E007F1E402D7F85C311344E9
:10163000197807F5B473A3F5A672D7F85831134497
:101640000A461A70D7F858310133C7F85831D7F81D
:101650005C310133C7F85C3107F1E402D7F85C3143
:1016600013441B783A2B07D007F1E402D7F85C311A
:1016700013441B78002BD6D107F5B473A3F5A672DB
:10168000D7F85831134400221A7007F5B473A3F544
:10169000AE7107F5B473A3F5AA720B4692E8030086
:1016A00083E8030007F5B473A3F5AA7007F11C03E0
:1016B00007F5B472A2F5AA7206CAFEF7F1FF07F1A8
:1016C000E402D7F85C3113441B78002BA2D1D7F881
:1016D0005C31B3F1FF3F9DD097F880303F2B40F055
:1016E000E98007F5B473A3F5AA735B686B491846E4
:1016F000FEF7F6FD0346002B0DD107F5B473A3F5F5
:10170000AA731B6893ED007B07F11C03B0EE470B37
:10171000184600F0C5FA07F5B473A3F5AA735B6821
:101720005F491846FEF7DCFD0346002B0DD107F597
:10173000B473A3F5AA731B6893ED047B07F11C0334
:10174000B0EE470B184600F0ABFA07F5B473A3F5FB
:10175000AA735B6853491846FEF7C2FD0346002B87
:1017600010D107F5B473A3F5AA731B681B6807EEC5
:10177000903AB8EEE77B07F11C03B0EE470B184632
:1017800000F08EFA07F5B473A3F5AA735B684649B7
:101790001846FEF7A5FD0346002B5ED107F5B4738E
:1017A000A3F5AA731B68C7F84831D7F84831DB683E
:1017B000002B5CD0D7F848311B69002B57D0002391
:1017C000C7F854310023C7F854313EE0D7F8483108
:1017D0005B680133002B03F00103B8BF5B42D7F80D
:1017E000482102339B0013445A68D7F85431DB0078
:1017F000134493ED007B07F11C03B0EE470B184632
:1018000000F04EFA07F11C0207F5B473A3F5B473A8
:10181000114618680CF0B4FF07F5B473A3F5B47360
:101820001868FEF7BDFD03461A4607F5B473A3F525
:10183000B4731B6813441D491A460B461B8813805A
:10184000D7F854310133C7F85431D7F848311B6801
:10185000D7F854219A42B9DB09E007F11C0207F5D9
:10186000B473A3F5B473114618680CF089FF07F53B
:10187000B473A3F5B4731868FEF792FD03461A46D5
:1018800007F5B473A3F5B4731B68134408491A46EB
:101890000B461B881380D7E0940801084408010810
:1018A000DC07010878080108680801088C080108AD
:1018B0009008010807F5B473A3F5AA735B6865493E
:1018C0001846FEF70DFD0346002B0DD107F5B47346
:1018D000A3F5AA731C6807F18003184600F02AF9E3
:1018E000B0EE407B84ED007B07F5B473A3F5AA73DB
:1018F0005B6859491846FEF7F3FC0346002B10D1EC
:1019000007F5B473A3F5AA731C6807F180031846A2
:1019100000F010F9B0EE407BB0EE470B2046FFF729
:1019200053F907F5B473A3F5AA735B684B491846DE
:10193000FEF7D6FC0346002B10D107F180031846B2
:1019400000F0F8F8B0EE407B07F5B473A3F5AA7386
:101950001B68FDEEC77B17EE902A1A6007F5B4737B
:10196000A3F5AA735B683E491846FEF7B9FC034627
:10197000002B69D107F5B473A3F5AE731B68203350
:10198000C7F84C3107F18003184600F0D3F8B0EEE9
:10199000407BB5EEC07BF1EE10FA30DD07F5B47395
:1019A000A3F5AA731B6801221A60D7F84C311B6893
:1019B000002B03D1D7F84C310A221A60D7F84C31EA
:1019C0001B68082118460CF0A3F803461A46D7F8FE
:1019D0004C31DA60D7F84C311B68082118460CF0FE
:1019E00097F803461A46D7F84C311A61D7F84C31AC
:1019F00000229A60D7F84C3100225A6024E007F5A3
:101A0000B473A3F5AA731B6800221A60D7F84C318F
:101A1000DB68002B05D0D7F84C31DB6818460CF09A
:101A20009BF8D7F84C311B69002B05D0D7F84C3107
:101A30001B6918460CF090F8D7F84C310022DA6098
:101A4000D7F84C3100221A610023184607F5B67703
:101A5000BD4690BD44080108DC070108780801086C
:101A60005C08010880B586B000AF786000237B6118
:101A700000233B610023FB600023BB607868FEF716
:101A80008FFC03467B617B69642B05DD64237B61EE
:101A900002E03B6901333B613B697A6813441B7880
:101AA000202B38D13A697B699A42F2DB33E03B69FB
:101AB0007A6813441B78202B05D03B697A6813445D
:101AC0001B780A2B17D1BB68002B10D10123BB60F8
:101AD0003B697A681A44FB6879680B4412781A707B
:101AE000FB680133FB603B6901333B6113E03B69F9
:101AF00001333B610FE00023BB603B697A681A4405
:101B0000FB6879680B4412781A70FB680133FB603C
:101B10003B6901333B613A697B699A42C7DBFB68E9
:101B20007A68134400221A70002318461837BD46FD
:101B300080BD000080B48DB000AF78604FF000022F
:101B40004FF00003C7E90A234FF000024FF00003F3
:101B5000C7E908230123FB610023BB6100237B61EC
:101B60004FF000024D4BC7E9022302E0BB6901338D
:101B7000BB61BB697A6813441B78202BF6D0BB6924
:101B80007A6813441B78092BF0D0BB697A68134438
:101B90001B782D2B06D14FF0FF33FB61BB6901335E
:101BA000BB6156E0BB697A6813441B782B2B50D17C
:101BB000BB690133BB614CE0BB697A6813441B7895
:101BC0002E2B05D101237B61BB690133BB6140E052
:101BD000BB697A6813441B782F2B40D9BB697A689C
:101BE00013441B78392B3AD87B69002B13D197ED1E
:101BF0000A7BB2EE046B27EE066BBB697A6813446E
:101C00001B78303B07EE903AB8EEE77B36EE077B69
:101C100087ED0A7B1AE0BB697A6813441B78303B76
:101C200007EE903AB8EEE75B97ED026B85EE067B28
:101C300097ED086B36EE077B87ED087B97ED027B0F
:101C4000B2EE046B27EE067B87ED027BBB690133A6
:101C5000BB61BB697A6813441B78002BACD197ED4C
:101C60000A6B97ED087B36EE077B87ED0A7BFB69F5
:101C700007EE903AB8EEE77B97ED0A6B26EE077B0E
:101C800087ED0A7BD7E90A2343EC172BB0EE470B0D
:101C90003437BD465DF8047B704700BF0000244028
:101CA00080B58CB000AFF86087ED000B0023FB62BD
:101CB00000233B6297ED007BB5EE407BF1EE10FA1E
:101CC00007D1FB6880491A460B461B881380002306
:101CD000EAE097ED007BB5EEC07BF1EE10FA0DD592
:101CE000FB6AFA6813442D221A70FB6A0133FB6207
:101CF00097ED007BB1EE477B87ED007B6CA3D3E9CA
:101D00000023C7E9062307E097ED066BB2EE045BFC
:101D100086EE057B87ED067B97ED067B9FED666B78
:101D2000B4EEC67BF1EE10FA08DD97ED066B97ED89
:101D3000007BB4EEC76BF1EE10FAE5DC97ED060B15
:101D40000EF01AFBB0EE407BFDEEC77B17EE903A2B
:101D50007B617B69002B24DA7B695B427B61FB6AD8
:101D6000FA68134430221A70FB6A0133FB62FB6A83
:101D7000FA6813442E221A70FB6A0133FB620123B6
:101D8000BB620AE0FB6AFA68134430221A70FB6AED
:101D90000133FB62BB6A0133BB62BA6A7B699A4258
:101DA000F0DB00237B6276E00923BB6220E0BB6AA4
:101DB00007EE903AB8EEE76B97ED067B26EE077BD1
:101DC00097ED006B36EE477BB5EEC07BF1EE10FA77
:101DD0000BDBBB6ADAB2FB6AF9680B443032D2B271
:101DE0001A70FB6A0133FB6205E0BB6A013BBB6210
:101DF000BB6A002BDBDABB6A07EE903AB8EEE76B02
:101E000097ED067B26EE077B97ED006B36EE477B62
:101E100087ED007B97ED066BB2EE045B86EE057BEB
:101E200087ED067B97ED067BB6EE006BB4EEC67BC6
:101E3000F1EE10FA12D597ED067B9FED216BB4EE13
:101E4000C67BF1EE10FA09DDFB6AFA6813442E2214
:101E50001A70FB6A0133FB6201233B6297ED007B42
:101E6000B5EE407BF1EE10FA12D13B6A002B0FD099
:101E7000FB6A013BFA6813441B782E2B02D1FB6AE4
:101E8000013BFB62FB6AFA68134400221A7005E00A
:101E90007B6A01337B627B6A0E2B85DDFB6AFA6805
:101EA000134400221A70002318463037BD4680BD07
:101EB0000080E03779C3414311EA2D819997713D44
:101EC0009A9999999999A93F9C08010880B592B06F
:101ED00000AF7860396003F0A5F80023FB620223AD
:101EE0003B6307237B630123BB632023FB6307F171
:101EF000280207F12C031146184603F093F9034614
:101F0000002B02D003F0C8F867E03B683B64002375
:101F10007B645CE07B6CB3F5827F06D27B6CDB007C
:101F20003A6C1344D3E9002303E04FF0FF324FF043
:101F3000FF33C7E902237B6C0133B3F5827F07D2FD
:101F40007B6C0133DB003A6C1344D3E9002303E0DC
:101F50004FF0FF324FF0FF33C7E904237B6C0233AD
:101F6000B3F5827F07D27B6C0233DB003A6C1344FB
:101F7000D3E9002303E04FF0FF324FF0FF33C7E90E
:101F800006237B6C0333B3F5827F07D27B6C03336C
:101F9000DB003A6C1344D3E9002303E04FF0FF3237
:101FA0004FF0FF33C7E908237B6CDA007B681344EA
:101FB00007F108021946012002F0A2FF0346002B98
:101FC00002D003F069F808E07B6C04337B647B6C1F
:101FD000B3F5827F9ED303F05FF84837BD4680BDDE
:101FE00080B582B000AF786039607B684FF40262E0
:101FF000194638680CF063FC00BF0837BD4680BD49
:1020000080B483B000AF78607B6893ED007BFCEE1A
:10201000C77B17EE903A18460C37BD465DF8047B37
:102020007047000080B52DED028B00AF01F020FD60
:1020300000F088F800F002F900F0FEFB00F064FB0D
:1020400000F02CF900F020FA00F0C6FA00F0AAF92E
:1020500000F072FA00F00CFB00F0A2FBFEF716FE97
:102060002D4B93ED008B2D48FFF7CAFF07EE900A2A
:10207000B8EE677BB4EE478BF1EE10FA04D0264938
:102080002648FFF723FF03E023492448FFF7A8FF72
:1020900000224FF40041224803F0FEFB01224FF4DE
:1020A0008061204803F0F8FB0021002000F0F2FEE0
:1020B0000021012000F0EEFE0021022000F0EAFEE7
:1020C0000021032000F0E6FE01224FF400511448E5
:1020D00003F0E2FB01224FF48041114803F0DCFBE6
:1020E00001220821104803F0D7FB08F089FF0F4AAE
:1020F00000210F4808F0CEFF03460E4A13600E4A37
:1021000000210E4808F0C6FF03460D4A136008F090
:102110009BFF00BFFDE700BF3803002400001E083E
:102120000010025800040258000802580C09010867
:10213000E92E0008800F002430090108F92E00085C
:10214000840F002480B59CB000AF07F124034C221B
:10215000002118460CF0F1FA3B1D20220021184600
:102160000CF0EBFA022003F0CBFB00233B60314B79
:10217000DB6A304A23F00103D3622E4BDB6A03F0A3
:1021800001033B602C4B9B6923F440432A4A43F4F0
:1021900000439361284B9B6903F440433B603B68D9
:1021A00000BF254B9B6903F40053B3F5005FF8D1E2
:1021B00001237B624FF48033BB620223BB640223A2
:1021C000FB6401233B6512237B650223BB6503236C
:1021D000FB6502233B660C237B660223BB664FF440
:1021E000C053FB6607F12403184603F0C3FB034604
:1021F000002B01D000F03CFF3F237B600323BB603A
:102200000023FB6000233B6100237B610023BB6153
:102210000023FB6100233B623B1D0121184604F0B3
:1022200003F80346002B01D000F022FF00BF7037F7
:10223000BD4680BD000400580048025880B5B0B0CB
:1022400000AF3B46C022002118460CF076FA4FF44E
:1022500000224FF00003C7E900230123BB601223D3
:10226000FB6002233B6102237B610223BB61C0232D
:10227000FB6120233B624FF4C0537B620023C7F80D
:10228000A4303B46184604F05BFB0346002B01D00C
:1022900000F0EEFE00BFC037BD4680BD80B58AB0FD
:1022A00000AF07F11C0300221A605A609A603B4697
:1022B00000221A605A609A60DA601A615A619A6163
:1022C000354B364A1A60344B0022DA60324B042216
:1022D0001A61314B00221A752F4B00225A752E4B72
:1022E00001229A612C4B00221A772B4B00225A6252
:1022F000294B00229A62284B0022DA62264B0022E8
:102300001A63254B00225A63234B002283F838209E
:10231000214B0122DA63204801F0D4FD0346002B53
:1023200001D000F0A5FE1C4B4FF480225A601A4BDE
:1023300000229A60184801F0C5FD0346002B01D029
:1023400000F096FE0023FB6107F11C0319461248BA
:1023500002F0E8FB0346002B01D000F089FE104B91
:102360003B6006237B600023BB6040F2FF73FB6091
:1023700004233B6100237B6100237B763B461946A7
:10238000054801F041FF0346002B01D000F070FE2C
:1023900000BF2837BD4680BD580B002400200240F6
:1023A0002000F01480B588B000AF3B1D00221A60F9
:1023B0005A609A60DA601A615A619A612F4B304A0A
:1023C0001A602E4B0022DA602C4B04221A612B4B30
:1023D00000221A75294B00225A75284B01229A6156
:1023E000264B00221A77254B00225A62234B0022EB
:1023F0009A62224B0022DA62204B00221A631F4BA2
:1024000000225A631D4B002283F838201B4B012207
:10241000DA631A4801F056FD0346002B01D000F0A4
:1024200027FE164B4FF480225A60144B00229A600C
:10243000124801F047FD0346002B01D000F018FEC2
:10244000104B7B600623BB600023FB6040F2FF73F0
:102450003B6104237B610023BB6100237B773B1D31
:102460001946064801F0D0FE0346002B01D000F0CB
:10247000FFFD00BF2037BD4680BD00BFBC0B002460
:10248000002102400800900C80B500AF284B294A7B
:102490001A60274B4FF480025A60254B4FF40032EC
:1024A0009A60234B1722DA60214B00221A61204BDD
:1024B0004FF080725A611E4B4FF000529A611C4BD4
:1024C0004FF0E042DA611A4B00221A62184B0022E8
:1024D0005A62174B00229A62154B0022DA62144BA3
:1024E0004FF080425A63124B00229A63104B002235
:1024F000DA630F4B00221A640D4B00225A640C4B16
:1025000000229A640A4B0022DA64094B00221A6501
:10251000074B00225A65064B00229A65044806F0D4
:102520000DFF0346002B01D000F0A2FD00BF80BDCF
:10253000200C00240038004080B500AF244B254A11
:102540001A60234B00225A60214B00229A60204BD4
:102550000322DA601E4B00221A611D4B00225A61D1
:102560001B4B00229A611A4B00221A62184B002260
:102570005A62174B00229A62154B0022DA62144B02
:1025800000225A63124B00229A63114B0022DA6335
:102590000F4B00221A640E4B00225A640C4B00228F
:1025A0009A640B4B0022DA64094B00221A65084B2F
:1025B00000225A65064B00229A65054806F0BEFEC9
:1025C0000346002B01D000F053FD00BF80BD00BFCB
:1025D000A80C00240034014080B500AF224B234AF0
:1025E0001A60214B4FF4E1325A601F4B00229A606F
:1025F0001D4B0022DA601C4B00221A611A4B0C2280
:102600005A61194B00229A61174B0022DA61164B6E
:1026100000221A62144B00225A62134B00229A6263
:10262000114807F086FA0346002B01D000F020FD88
:1026300000210D4808F0E5FB0346002B01D000F017
:1026400017FD0021084808F01AFC0346002B01D0B2
:1026500000F00EFD044808F09BFB0346002B01D060
:1026600000F006FD00BF80BD300D0024004C00408E
:1026700080B500AF224B234A1A60214B4FF4E13260
:102680005A601F4B00229A601D4B0022DA601C4BDF
:1026900000221A611A4B0C225A61194B00229A61CE
:1026A000174B0022DA61164B00221A62144B0022EB
:1026B0005A62134B00229A62114807F03AFA034615
:1026C000002B01D000F0D4FC00210D4808F099FB4C
:1026D0000346002B01D000F0CBFC0021084808F095
:1026E000CEFB0346002B01D000F0C2FC044808F0EA
:1026F0004FFB0346002B01D000F0BAFC00BF80BDA9
:10270000C40D00240010014080B500AF224B234AC5
:102710001A60214B4FF4E1325A601F4B00229A603D
:102720001D4B0022DA601C4B00221A611A4B0C224E
:102730005A61194B00229A61174B0022DA61164B3D
:1027400000221A62144B00225A62134B00229A6232
:10275000114807F0EEF90346002B01D000F088FC89
:1027600000210D4808F04DFB0346002B01D000F07E
:102770007FFC0021084808F082FB0346002B01D0B3
:1027800000F076FC044808F003FB0346002B01D060
:1027900000F06EFC00BF80BD580E002400480040D1
:1027A00080B500AF224B234A1A60214B4FF4E1322F
:1027B0005A601F4B00229A601D4B0022DA601C4BAE
:1027C00000221A611A4B0C225A61194B00229A619D
:1027D000174B0022DA61164B00221A62144B0022BA
:1027E0005A62134B00229A62114807F0A2F903467D
:1027F000002B01D000F03CFC00210D4808F001FB4B
:102800000346002B01D000F033FC0021084808F0FB
:1028100036FB0346002B01D000F02AFC044808F0E8
:10282000B7FA0346002B01D000F022FC00BF80BDA8
:10283000EC0E00240014014080B58CB000AF07F10D
:102840001C0300221A605A609A60DA601A61794BA0
:10285000D3F8E030774A43F01003C2F8E030754B0C
:10286000D3F8E03003F01003BB61BB69714BD3F8C0
:10287000E030704A43F08003C2F8E0306D4BD3F88B
:10288000E03003F080037B617B696A4BD3F8E03072
:10289000684A43F00403C2F8E030664BD3F8E030F6
:1028A00003F004033B613B69624BD3F8E030614ABB
:1028B00043F00103C2F8E0305E4BD3F8E03003F0A0
:1028C0000103FB60FB685B4BD3F8E030594A43F0EF
:1028D0000203C2F8E030574BD3F8E03003F00203B4
:1028E000BB60BB68534BD3F8E030524A43F0080357
:1028F000C2F8E0304F4BD3F8E03003F008037B60C0
:102900007B6800220C214C4802F0C6FF00224FF4E5
:1029100060414A4802F0C0FF002244F67041484836
:1029200002F0BAFF0C23FB6101233B6200237B62B0
:102930000023BB6207F11C0319463F4802F0E4FD87
:1029400040F20F13FB614FF488133B6200237B625C
:1029500007F11C0319463B4802F0D6FD4FF42073E3
:10296000FB614FF488133B6200237B6207F11C0379
:102970001946324802F0C8FD4FF46043FB61012361
:102980003B6200237B620023BB6207F11C031946F4
:102990002A4802F0B9FD44F67043FB6101233B6213
:1029A00000237B620023BB6207F11C031946244805
:1029B00002F0AAFD4FF64043FB614FF488133B62DF
:1029C00002237B6207F11C0319461F4802F09CFD9D
:1029D0004FF44073FB6102233B6200237B620323BD
:1029E000BB620C23FB6207F11C031946124802F07C
:1029F0008BFD1023FB614FF488133B6200237B6245
:102A000007F11C031946104802F07EFD0022052143
:102A1000172002F040FA172002F057FA0022052191
:102A2000282002F038FA282002F04FFA00BF303791
:102A3000BD4680BD004402580008025800100258EC
:102A40000004025800000258000C025880B582B001
:102A500000AF78600B467B807B881946786802F06F
:102A600003FF0346012B01D1012300E00023184698
:102A70000837BD4680BD000090B585B000AF034665
:102A8000FB80FB88B3F5806F35D11D4B03F5F263F6
:102A900019464FF000021B4B41E902234FF400514D
:102AA0001948FFF7D3FF03469B005CB24FF48051F7
:102AB0001548FFF7CBFF03465B005BB223435CB2D4
:102AC0004FF400611048FFF7C1FF03465BB2234398
:102AD0005BB2FB73FB7B184600F01AF8FB7B0B4ADA
:102AE0001360FB7B07EE903AB8EE677B044B03F56F
:102AF000F26303ED027B00BF1437BD4690BD00BFFB
:102B00003803002400002040000C02583401002447
:102B100080B58EB000AF78608F4A7B685B0113444C
:102B2000183393ED007BB7EE006BB4EEC67BF1EE8D
:102B300010FA0AD5884A7B685B01134403F1180137
:102B40004FF00002854BC1E90023834A7B685B019B
:102B50001344183393ED007B37EE077BB0EE470B41
:102B60000DF046FCB0EE407BFDEEC77B17EE903AD1
:102B70007B6200237B6337E077497B689A007B6B3D
:102B80001344DB000B4493ED006B754B1B687249DB
:102B90009A007B6B1344DB000B4493ED007B36EE15
:102BA000477BB0EEC75B7B6A07EE903AB8EEE76B07
:102BB00085EE067B7B6BDB0038333B44303B83ED9B
:102BC000007B674B1B6864499A007B6B1344DB00F6
:102BD0000B44D3E900236348796BC9000144C1E980
:102BE00000237B6B01337B637B6B022BC4DD0123F2
:102BF0003B63A5E00023FB6239E05A4AFB6ADB0035
:102C0000134493ED006B54497B689A00FB6A1344AC
:102C1000DB000B4493ED005B514B1B684E499A005F
:102C2000FB6A1344DB000B4493ED007BB4EEC75BFF
:102C3000F1EE10FA07DDFB6ADB0038333B44303B32
:102C400093ED007B08E0FB6ADB0038333B44303B0C
:102C500093ED007BB1EE477B37EE067B414AFB6A82
:102C6000DB00134483ED007BFB6A0133FB62FB6AEC
:102C7000022BC2DD0023BB625CE03B4B01221A60E9
:102C80003A4ABB6A52F82300394ABB6A32F8131039
:102C9000344ABB6ADB00134493ED007BB5EEC07B86
:102CA000F1EE10FAACBF01230023DBB283F0010385
:102CB000DBB2DBB21A4602F0EFFD2A4ABB6ADB0048
:102CC000134493ED007BB0EEC77BB0EE086BB4EE1F
:102CD000C67BF1EE10FA04DD264B4FF6FF721A8028
:102CE0001DE0204ABB6ADB00134493ED007BB0EE8D
:102CF000085B87EE056BDFED207AB8EEE77B26EE0A
:102D0000077BB0EE470B0DF073FBB0EE407BB0EEEF
:102D1000470B0AF0F9FE03469AB2164B1A80BB6ABB
:102D2000DBB2144A12881146184600F0B3F8BB6AA9
:102D30000133BB62BB6A022B9FDD3B6B01333B63FC
:102D40003A6B7B6A9A427FF755AF054A7B681360FE
:102D500000BF3837BD4680BD000000240000F03FB2
:102D60003401002400010024880F002420010024E5
:102D70002C0100248C0F002400000100B0B48BB0A3
:102D800000AF294B3C1D1D460FCD0FC495E80F0029
:102D900084E80F0000237B623DE07B6A9B002833C0
:102DA0003B4453F8243CD3E904232048796A490181
:102DB0000144C1E900237B6A9B0028333B4453F85C
:102DC000243CD3E912231948796A490101440831A6
:102DD000C1E900237B6A9B0028333B4453F8243C21
:102DE000D3E920231148796A490101441031C1E92E
:102DF00000237B6A9B0028333B4453F8243CD3E9EF
:102E00002E230A48796A490101441831C1E9002397
:102E10007B6A01337B627B6A072BBEDD00BF00BF8C
:102E20002C37BD46B0BC7047D40801080000002410
:102E300080B582B000AF7860396039687868FEF795
:102E4000BFFA3B68633300221A70FFF797FF00BF99
:102E50000837BD4680BD000080B584B000AF786003
:102E60007B68DBB23B737B681B0ADBB27B737B68DE
:102E70001B0CDBB2BB7307F10C0164230122044875
:102E800006F080FB0346FB7300BF1037BD4680BDD4
:102E9000200C002480B584B000AF03460A46FB71C5
:102EA0001346BB800023FB60BB88FA681343FB60BA
:102EB000FB795B0403F4C023FA681343FB60F868F2
:102EC000FFF7CAFF01224FF48041064802F0E4FCFC
:102ED00000224FF48041034802F0DEFC00BF1037AF
:102EE000BD4680BD0004025880B582B000AF786056
:102EF000012008F061F9FBE780B5B6B000AF78605B
:102F00000023A7F8D6300A233B8107F108031846AF
:102F1000FDF746FA03469AB207F108014FF0FF3376
:102F2000504806F056FE07F1D4014FF0FF3301225E
:102F30004C4806F0DCFE034687F8D53097F8D530CC
:102F4000002B59D197F8D4300D2B03D097F8D430FB
:102F50000A2B3FD1B7F8D630002B3BD0B7F8D6308C
:102F60005A1CA7F8D620D8333B440A2203F8682C11
:102F7000B7F8D6305A1CA7F8D620D8333B440022E5
:102F800003F8682C07F10C0207F17003114618468C
:102F9000FFF74EFF07F10C031846FDF701FA034651
:102FA0009AB207F10C014FF0FF332E4806F011FEE4
:102FB00007F108031846FDF7F3F903469AB207F143
:102FC00008014FF0FF33274806F003FE0023A7F85F
:102FD000D63011E0B7F8D6305A1CA7F8D62097F8AB
:102FE000D420D8333B4403F8682CB7F8D630632B91
:102FF00002D90023A7F8D6301B4B03F5F86393EDF5
:10300000007BB7EE006BB4EE467BF1EE10FA0DD10B
:10301000154B03F5F86319464FF000024FF000031B
:10302000C1E9002310491148FEF750FF0E4B03F58C
:10303000006313ED027BB7EE006BB4EE467BF1EE5E
:1030400010FA7FF470AF084B03F5006319464FF098
:1030500000024FF0000341E9022303490348FEF751
:10306000BFFF60E7300D00243803002400001E0875
:1030700080B400AF72B600BF00BFFDE780B582B07C
:1030800000AF0C4BD3F8F4300A4A43F00203C2F805
:10309000F430084BD3F8F43003F002037B607B6814
:1030A00000220F216FF0010001F0F5FE00BF08378C
:1030B000BD4680BD0044025880B590B000AF786036
:1030C00007F12C0300221A605A609A60DA601A61D4
:1030D0007B681B686F4A934269D16F4B1B68013351
:1030E0006D4A13606C4B1B68012B0ED16B4BD3F8F0
:1030F000D8306A4A43F02003C2F8D830674BD3F87F
:10310000D83003F02003BB62BB6A644BD3F8E030D5
:10311000624A43F00403C2F8E030604BD3F8E03079
:1031200003F004037B627B6A5C4BD3F8E0305B4ABC
:1031300043F00103C2F8E030584BD3F8E03003F01D
:1031400001033B623B6A554BD3F8E030534A43F0EE
:103150000203C2F8E030514BD3F8E03003F0020331
:10316000FB61FB693323FB6203233B6300237B6327
:1031700007F12C0319464A4802F0C6F9C023FB6246
:1031800003233B6300237B6307F12C031946454867
:1031900002F0BAF90323FB6203233B6300237B6342
:1031A00007F12C031946404802F0AEF96DE07B6848
:1031B0001B683E4A934268D1374B1B680133364A3D
:1031C0001360354B1B68012B0ED1344BD3F8D8302C
:1031D000324A43F02003C2F8D830304BD3F8D8300D
:1031E00003F02003BB61BB692C4BD3F8E0302B4AC2
:1031F00043F00403C2F8E030284BD3F8E03003F08A
:1032000004037B617B69254BD3F8E030234A43F00C
:103210000103C2F8E030214BD3F8E03003F00103A2
:103220003B613B691D4BD3F8E0301C4A43F002037D
:10323000C2F8E030194BD3F8E03003F00203FB6032
:10324000FB683323FB6203233B6300237B6307F1AB
:103250002C031946124802F057F9C023FB620323DE
:103260003B6300237B6307F12C0319460D4802F0F2
:103270004BF90323FB6203233B6300237B6307F1CA
:103280002C031946084802F03FF900BF4037BD46FD
:1032900080BD00BF00200240900F0024004402586F
:1032A00000080258000002580004025800210240A1
:1032B00080B5BCB000AF786007F1DC0300221A6073
:1032C0005A609A60DA601A6107F11803C02200217F
:1032D00018460BF032FA7B681B684C4A934246D181
:1032E0004FF480524FF00003C7E906230023BB6769
:1032F00007F11803184603F023FB0346002B01D007
:10330000FFF7B6FE424BD3F8E830414A43F480431E
:10331000C2F8E8303E4BD3F8E83003F480437B61D9
:103320007B693B4BD3F8E030394A43F00203C2F8E3
:10333000E030374BD3F8E03003F002033B613B69E8
:103340004FF43043C7F8DC300223C7F8E0300023E5
:10335000C7F8E4300023C7F8E8300523C7F8EC309D
:1033600007F1DC0319462B4802F0CEF849E07B68F0
:103370001B68294A934244D14FF400524FF0000396
:10338000C7E906230023FB6707F11803184603F07B
:10339000D7FA0346002B01D0FFF76AFE1C4BD3F887
:1033A000F0301B4A43F40053C2F8F030184BD3F806
:1033B000F03003F40053FB60FB68154BD3F8E030AA
:1033C000134A43F01003C2F8E030114BD3F8E03059
:1033D00003F01003BB60BB687423C7F8DC30022322
:1033E000C7F8E0300023C7F8E4300023C7F8E8301E
:1033F0000523C7F8EC3007F1DC031946074802F053
:1034000083F800BFF037BD4680BD00BF00380040E4
:1034100000440258000402580034014000100258D1
:1034200080B5C0B000AF786007F1EC0300221A60ED
:103430005A609A60DA601A6107F12803C0220021FD
:1034400018460BF07AF97B681B689A4A934247D179
:103450004FF002024FF00003C7E90A230023C7F828
:10346000A03007F12803184603F06AFA0346002B40
:1034700001D0FFF7FDFD904BD3F8E8308E4A43F4BE
:103480000023C2F8E8308C4BD3F8E83003F4002373
:103490007B627B6A884BD3F8E030874A43F00103B4
:1034A000C2F8E030844BD3F8E03003F001033B6214
:1034B0003B6A4FF4C053C7F8EC300223C7F8F03032
:1034C0000023C7F8F4300023C7F8F8300623C7F804
:1034D000FC3007F1EC031946784802F015F8E4E0F7
:1034E0007B681B68764A934247D14FF001024FF048
:1034F0000003C7E90A230023C7F8A43007F1280313
:10350000184603F01DFA0346002B01D0FFF7B0FD6B
:10351000694BD3F8F030684A43F01003C2F8F0303A
:10352000654BD3F8F03003F01003FB61FB69624B8D
:10353000D3F8E030604A43F00103C2F8E0305E4B5C
:10354000D3F8E03003F00103BB61BB694FF4C06303
:10355000C7F8EC300223C7F8F0300023C7F8F43086
:103560000023C7F8F8300723C7F8FC3007F1EC0355
:103570001946524801F0C8FF97E07B681B68514A22
:10358000934247D14FF002024FF00003C7E90A23EC
:103590000023C7F8A03007F12803184603F0D0F93C
:1035A0000346002B01D0FFF763FD434BD3F8E8300F
:1035B000414A43F48023C2F8E8303F4BD3F8E83067
:1035C00003F480237B617B693B4BD3F8E0303A4ABC
:1035D00043F00803C2F8E030374BD3F8E03003F093
:1035E00008033B613B694FF44073C7F8EC3002239A
:1035F000C7F8F0300023C7F8F4300023C7F8F830DC
:103600000723C7F8FC3007F1EC0319462E4801F0F8
:103610007BFF4AE07B681B682C4A934245D14FF000
:1036200001024FF00003C7E90A230023C7F8A430C2
:1036300007F12803184603F083F90346002B01D055
:10364000FFF716FD1C4BD3F8F0301B4A43F0200364
:10365000C2F8F030184BD3F8F03003F02003FB60D1
:10366000FB68154BD3F8E030134A43F00403C2F86B
:10367000E030114BD3F8E03003F00403BB60BB68CB
:10368000C023C7F8EC300223C7F8F0300023C7F896
:10369000F4300023C7F8F8300723C7F8FC3007F1EF
:1036A000EC0319460A4801F02FFF00BF07F58077A9
:1036B000BD4680BD004C0040004402580000025846
:1036C0000010014000480040000C02580014014066
:1036D0000008025880B400AF00BFFDE780B400AF1F
:1036E00000BFFDE780B400AF00BFFDE780B400AFCE
:1036F00000BFFDE780B400AF00BFFDE780B400AFBE
:1037000000BFBD465DF8047B704780B500AF00F098
:1037100021FA09F079F90346012B01D009F074FF71
:1037200000BF80BD80B500AF402002F0CEF8802001
:1037300002F0CBF84FF4807002F0C7F84FF400703D
:1037400002F0C3F800BF80BD80B500AF4FF48060C9
:1037500002F0BBF84FF4006002F0B7F84FF480506D
:1037600002F0B3F84FF4005002F0AFF84FF480408D
:1037700002F0ABF84FF4004002F0A7F800BF80BDA4
:1037800080B400AF01231846BD465DF8047B704746
:1037900080B582B000AF786039600BF05BF803460B
:1037A00016221A604FF0FF3318460837BD4680BD19
:1037B00080B582B000AF78604FF0FF317868FFF7D6
:1037C000E7FF00BFFDE780B586B000AFF860B960E5
:1037D0007A6000237B610AE0AFF300800146BB689A
:1037E0005A1CBA60CAB21A707B6901337B617A696C
:1037F0007B689A42F0DB7B6818461837BD4680BD6F
:1038000080B586B000AFF860B9607A6000237B6154
:1038100009E0BB685A1CBA601B781846AFF30080F9
:103820007B6901337B617A697B689A42F1DB7B6853
:1038300018461837BD4680BD80B483B000AF7860AD
:103840004FF0FF3318460C37BD465DF8047B7047D8
:1038500080B483B000AF786039603B684FF40052A9
:103860005A60002318460C37BD465DF8047B70474C
:1038700080B483B000AF7860012318460C37BD4692
:103880005DF8047B704780B485B000AFF860B96024
:103890007A60002318461437BD465DF8047B7047F4
:1038A00080B586B000AF7860144A154BD31A7B619F
:1038B0007B693B61134B1B68002B02D1114B124AF1
:1038C0001A60104B1A687B6813443A699A4207D20F
:1038D0000AF0C0FF03460C221A604FF0FF3309E0E4
:1038E000084B1B68FB60074B1A687B681344054A4A
:1038F0001360FB6818461837BD4680BD00000824D9
:1039000000040000940F0024585A002480B400AF33
:10391000374BD3F88830364A43F47003C2F8883006
:10392000344B1B6803F00F03062B07D8314B1B6881
:1039300023F00F032F4A43F0070313602E4B1B683D
:103940002D4A43F0010313602B4B00221A612A4BCE
:103950001A682949294B13400B60264B1B6803F05A
:103960000803002B07D0234B1B6823F00F03214AC9
:1039700043F007031360204B00229A611E4B002284
:10398000DA611D4B00221A621B4B1D4A9A621A4BC8
:103990001C4ADA62184B1C4A1A63174B00225A63FE
:1039A000154B194A9A63144B0022DA63124B164ADC
:1039B0001A64114B00225A640F4B1B680E4A23F401
:1039C000802313600C4B00221A66104B1A68104BB0
:1039D0001340B3F1005F02D20E4B01221A600E4B6E
:1039E00043F2D2021A6000BFBD465DF8047B704707
:1039F00000ED00E000200052004402587FEDF6EA9E
:103A0000000202020000FF01800201010010005CC0
:103A10000000FFFF0881005100400052DFF834D061
:103A2000FFF774FF0C480D490D4A002302E0D458FB
:103A3000C4500433C4188C42F9D30A4A0A4C0023F8
:103A400001E013600432A242FBD30AF009FFFEF743
:103A5000E9FA704700000824000000241403002441
:103A6000A015010818030024545A0024FEE70000A2
:103A700080B582B000AF032001F002FA02F08AFDA7
:103A80000246154B9B691B0A03F00F031349CB5CDD
:103A900003F01F0322FA03F37B600F4B9B6903F0D3
:103AA0000F030E4AD35C03F01F037A6822FA03F374
:103AB0000B4A13600B4A7B6813600F2000F014F868
:103AC0000346002B01D0012302E0FFF7D7FA0023C1
:103AD00018460837BD4680BD004402585409010805
:103AE0003C0100243801002480B582B000AF78602A
:103AF000154B1B78002B01D1012321E0134B1A68D1
:103B0000114B1B7819464FF47A73B3FBF1F3B2FBF8
:103B1000F3F3184601F0E7F90346002B01D0012327
:103B20000EE07B680F2B0AD8002279684FF0FF3037
:103B300001F0B1F9064A7B681360002300E001231D
:103B400018460837BD4680BD4401002438010024D2
:103B50004001002480B400AF064B1B781A46064B88
:103B60001B681344044A136000BFBD465DF8047B24
:103B7000704700BF44010024980F002480B400AFB8
:103B8000034B1B681846BD465DF8047B704700BFB9
:103B9000980F002480B400AF034B1B681B0C184621
:103BA000BD465DF8047B70470010005C80B483B0B4
:103BB00000AF786039607B689B6823F47C123B68B7
:103BC0001A437B689A6000BF0C37BD465DF8047BE2
:103BD000704780B483B000AF786039607B689B68C1
:103BE00023F0E0723B681A437B689A6000BF0C3791
:103BF000BD465DF8047B704780B483B000AF786049
:103C00007B689B6803F0E07318460C37BD465DF88F
:103C1000047B704780B487B000AFF860B9607A6009
:103C20003B60FB6860331A46BB689B0013447B61B2
:103C30007B691B6803F000427B6803F0F8413B6836
:103C40000B431A437B691A6000BF1C37BD465DF801
:103C5000047B704780B485B000AFF860B9607A60CB
:103C6000FB681B6923F4F042BB6803F01F0379680B
:103C700001FA03F31A43FB681A6100BF1437BD460B
:103C80005DF8047B704780B487B000AFF860B9601E
:103C90007A60FB6860331A46BB689B0013447B6103
:103CA0007B691B6823F000427B681A437B691A60BA
:103CB00000BF1C37BD465DF8047B704780B487B0F9
:103CC00000AFF860B9607A60FB6830331A46BB68B1
:103CD0001B0A9B0003F00C0313447B617B691A6889
:103CE000BB6803F01F031F2101FA03F3DB431A40F3
:103CF0007B689B0E03F01F01BB6803F01F0301FAF2
:103D000003F31A437B691A6000BF1C37BD465DF898
:103D1000047B704780B487B000AFF860B9607A6008
:103D2000FB6814331A46BB685B0E9B0003F0040368
:103D300013447B617B691A68BB681B0D03F01F038A
:103D4000072101FA03F3DB431A40BB681B0D03F0A4
:103D50001F03796801FA03F31A437B691A6000BFF5
:103D60001C37BD465DF8047B7047000080B485B009
:103D700000AFF860B9607A60FB68D3F8C020BB6818
:103D8000C3F31303DB431A407B6803F018030849AD
:103D9000D940BB680B40C3F313031A43FB68C3F855
:103DA000C02000BF1437BD465DF8047B704700BFDC
:103DB000FFFF0F0080B483B000AF78607B689A6823
:103DC000044B13407A68936000BF0C37BD465DF822
:103DD000047B7047C0FFFF5F80B483B000AF7860A2
:103DE0007B689B6803F00053B3F1005F01D10123AE
:103DF00000E0002318460C37BD465DF8047B704791
:103E000080B483B000AF78607B689A68054B13403C
:103E100043F080527B689A6000BF0C37BD465DF866
:103E2000047B7047C0FFFF6F80B483B000AF786041
:103E30007B689B6803F08053B3F1805F01D101235D
:103E400000E0002318460C37BD465DF8047B704740
:103E500080B483B000AF78607B689B6803F0010397
:103E6000012B01D1012300E0002318460C37BD4689
:103E70005DF8047B704780B483B000AF78607B68E6
:103E80009B6803F00403042B01D1012300E000230D
:103E900018460C37BD465DF8047B704780B483B08C
:103EA00000AF78607B689B6803F00803082B01D1A2
:103EB000012300E0002318460C37BD465DF8047B63
:103EC0007047000090B589B000AF78600023FB77A1
:103ED0000023BB607B68002B01D101238FE17B684D
:103EE000DB68002B7B685B6D002B09D17868FFF7DE
:103EF000E3F87B6800229A657B68002283F85020F3
:103F00007B681B681846FFF767FF0346002B04D049
:103F10007B681B681846FFF74DFF7B681B681846D7
:103F2000FFF782FF0346002B14D17B681B681846FD
:103F3000FFF766FF874B1B689B09874AA2FB032399
:103F40009B090133BB6002E0BB68013BBB60BB68FF
:103F5000002BF9D17B681B681846FFF765FF034605
:103F6000002B0DD17B685B6D43F010027B685A65B6
:103F70007B689B6D43F001027B689A650123FB77A8
:103F80007B681B681846FFF776FF78617B685B6D7E
:103F900003F01003002B40F029817B69002B40F0D7
:103FA00025817B685B6D23F4817343F002027B689B
:103FB0005A657B681B681846FFF74AFF0346002BCB
:103FC00036D17B681B68654A934204D07B681B68C6
:103FD000634A93420ED16148FFF73AFF04466048B6
:103FE000FFF736FF03462343002B0CBF01230023BA
:103FF000DBB208E05B48FFF72BFF0346002B0CBF4A
:1040000001230023DBB2002B12D07B681B68534ACC
:10401000934204D07B681B68514A934201D1524AB3
:1040200000E0524A7B685B6819461046FFF7BEFD08
:10403000FFF7B0FD034641F20302934214D97B68B7
:104040009B68102B10D17B685B7D5A037B681B6BD0
:104050001A437B689B681A437B681B7F1B041343CE
:1040600043F00C03BB610DE07B685B7D5A037B680A
:104070001B6B1A437B689B681A437B681B7F1B047E
:104080001343BB617B681B7F012B06D17B681B6AD6
:10409000013B5B04BA691343BB617B685B6A002B1D
:1040A00009D07B685B6A03F478727B689B6A134370
:1040B000BA691343BB617B681B68DA682C4B1340F9
:1040C0007A681268B9690B43D3607B681B6818462D
:1040D000FFF7D1FE38617B681B681846FFF7DEFEEC
:1040E000F8603B69002B5FD1FB68002B5CD17B68DB
:1040F0001B7D9A037B68DB6A1343BB617B681B688B
:10410000DA681C4B13407A681268B9690B43D360B4
:104110007B6893F83830012B30D17B685B6A002BC9
:104120007B681B681A69144B13407A68D26B013A9A
:1041300011047A68126C11437A68526C11437A68E0
:10414000926C0A431A437B681B6842F001021A61B1
:104150001CE000BF38010024632D3E050020024012
:104160000021024000600258002302400063025810
:1041700003C0F0FFFCBFFFFF1EF800FC7B681B685C
:104180001A697B681B6822F001021A617B681B6850
:104190001B6923F070417B685A6B7B681B680A437C
:1041A0001A61786800F08CFB7B68DB68012B0CD10E
:1041B0007B681B681B6B23F00F017B689B695A1E91
:1041C0007B681B680A431A6307E07B681B681A6BED
:1041D0007B681B6822F00F021A637B685B6D23F01B
:1041E000030343F001027B685A6507E07B685B6D5F
:1041F00043F010027B685A650123FB77FB7F18466A
:104200002437BD4690BD00BF90B5A1B000AF786027
:104210003960002387F87F300023BB603B68DB6890
:10422000654A93427B6893F85030012B01D10223F9
:104230002EE37B68012283F850207B681B681846B8
:10424000FFF719FE0346002B40F013833B681B6801
:10425000002B2CDB3B681B68C3F31303002B08D136
:104260003B681B689B0E03F01F03012202FA03F355
:1042700016E03B681B687B667B6E93FAA3F33B6694
:104280003B6EBB66BB6E002B01D1202303E0BB6EEF
:10429000B3FA83F3DBB203F01F03012202FA03F344
:1042A0007A681268D1697A6812680B43D3617B68B7
:1042B00018683B6859683B681B681A46FFF7FEFCA4
:1042C0007B681B681846FFF7D6FDB8677B681B68DC
:1042D0001846FFF7E3FD7867BB6F002B40F0B8800E
:1042E0007B6F002B40F0B4807B6818683B681968CE
:1042F0003B689B681A46FFF70DFD304B1B6803F0C7
:104300007043B3F1805F0BD13B685A697B681B68CF
:10431000DB689B0803F007035B0002FA03F31DE070
:104320007B681B68DB6803F01003002B0BD13B6834
:104330005A697B681B68DB689B0803F007035B0016
:1043400002FA03F30AE03B685A697B681B68DB6882
:104350009B0803F004035B0002FA03F33B673B682E
:104360001B69042B2CD07B6818683B6819693B6873
:104370001A683B6FFFF74EFC7B6818683B68196949
:104380003B685B7E012B02D14FF0004300E000232D
:104390001A46FFF778FC7B6818683B6819693B6828
:1043A0001B7E012B02D14FF4006300E000231A466C
:1043B000FFF750FC4CE000BF0000FF470010005C1E
:1043C0007B681B681B6E03F0F8423B681B689B060A
:1043D0009A4207D17B681B681A6E7B681B6822F0C3
:1043E00000421A667B681B685B6E03F0F8423B680C
:1043F0001B689B069A4207D17B681B685A6E7B68D4
:104400001B6822F000425A667B681B689B6E03F0B3
:10441000F8423B681B689B069A4207D17B681B6881
:104420009A6E7B681B6822F000429A667B681B6864
:10443000DB6E03F0F8423B681B689B069A4207D18B
:104440007B681B68DA6E7B681B6822F00042DA66C4
:104450007B681B681846FFF7FBFC0346002B40F007
:1044600011827B6818683B6819683B68DB681A46EC
:10447000FFF77CFC3B68DB68A14A934240F02E8149
:104480007B6818683B681B68C3F31303002B0BD1D0
:104490003B681B689B0E013303F01F03092B94BF7D
:1044A00001230023DBB219E03B681B68BB65BB6DD1
:1044B00093FAA3F37B657B6DFB65FB6D002B01D14C
:1044C000202303E0FB6DB3FA83F3DBB2013303F087
:1044D0001F03092B94BF01230023DBB2002B79D0EB
:1044E0003B681B68C3F31303002B07D13B681B68B1
:1044F0009B0E01339B0603F0F84215E03B681B68F6
:10450000FB64FB6C93FAA3F3BB64BB6C3B653B6D34
:10451000002B01D1202303E03B6DB3FA83F3DBB220
:1045200001339B0603F0F8423B681B68C3F3130397
:10453000002B09D13B681B689B0E013303F01F035E
:10454000012101FA03F317E03B681B683B643B6CF5
:1045500093FAA3F3FB63FB6B7B647B6C002B01D1B1
:10456000202303E07B6CB3FA83F3DBB2013303F067
:104570001F03012101FA03F342EA03013B681B68B0
:10458000C3F31303002B0AD13B681B689B0E013356
:1045900003F01F0213465B0013441B0518E03B6841
:1045A0001B687B637B6B93FAA3F33B633B6BBB633F
:1045B000BB6B002B01D1202303E0BB6BB3FA83F369
:1045C000DBB2013303F01F0213465B0013441B05EB
:1045D0000B437EE03B681B68C3F31303002B07D13A
:1045E0003B681B689B0E01339B0603F0F84215E005
:1045F0003B681B68BB62BB6A93FAA3F37B627B6A6E
:10460000FB62FB6A002B01D1202303E0FB6AB3FAB3
:1046100083F3DBB201339B0603F0F8423B681B686F
:10462000C3F31303002B09D13B681B689B0E0133B6
:1046300003F01F03012101FA03F317E03B681B6835
:10464000FB61FB6993FAA3F3BB61BB693B623B6A05
:10465000002B01D1202303E03B6AB3FA83F3DBB2E2
:10466000013303F01F03012101FA03F342EA0301BE
:104670003B681B68C3F31303002B0DD13B681B6819
:104680009B0E013303F01F0213465B0013441E3BD5
:104690001B0543F000731BE03B681B683B613B69F3
:1046A00093FAA3F3FB60FB687B617B69002B01D16C
:1046B000202303E07B69B3FA83F3DBB2013303F019
:1046C0001F0213465B0013441E3B1B0543F000739F
:1046D0000B433A6892681946FFF71CFB3B681B685E
:1046E000002B80F2CF807B681B68064A934204D07F
:1046F0007B681B68044A93420AD1044B09E000BF5F
:104700000000FF4700200240002102400023024039
:10471000614B1846FFF770FAF8667B681B685F4AC2
:10472000934204D07B681B685D4A93420ED15B487C
:10473000FFF78EFB04465A48FFF78AFB03462343E4
:10474000002B0CBF01230023DBB208E05548FFF724
:104750007FFB0346002B0CBF01230023DBB2002BA1
:104760007DD03B681B68504A934230D1FB6E03F406
:104770000003002B2BD17B681B684A4A934240F010
:1047800081807B681B68454A934204D07B681B6824
:10479000434A934201D1454A00E03F4AFB6E43F44D
:1047A000000319461046FFF714FA414B1B689B099A
:1047B000404AA2FB03239B0901335B00BB6002E07C
:1047C000BB68013BBB60BB68002BF9D15AE03B687A
:1047D0001B68394A93421ED1FB6E03F08073002B95
:1047E00019D17B681B682F4A93424BD17B681B68A9
:1047F0002A4A934204D07B681B68294A934201D11C
:104800002A4A00E0244AFB6E43F0807319461046A2
:10481000FFF7DFF936E03B681B68284A934231D145
:10482000FB6E03F48003002B2CD17B681B681D4AB0
:10483000934227D17B681B68184A934204D07B6857
:104840001B68174A934201D1184A00E0124AFB6ED6
:1048500043F4800319461046FFF7BBF912E07B686A
:104860005B6D43F020027B685A65012387F87F3037
:1048700008E07B685B6D43F020027B685A6501238A
:1048800087F87F307B68002283F8502097F87F30CC
:1048900018468437BD4690BD006302580020024090
:1048A0000021024000600258000084CB0023024037
:1048B00038010024632D3E05000052C70000B8CF28
:1048C00080B584B000AF78607B681B687A4A9342F9
:1048D00004D07B681B68794A934209D1784B9B6866
:1048E00003F44033002B14BF01230023DBB208E0A4
:1048F000744B9B6803F44033002B14BF0123002347
:10490000DBB2002B1CD001F0BFFFF8607B685B6856
:10491000B3F5403F10D0B3F5403F73D8B3F5803FB7
:1049200002D0B3F5003F6DD17B685B681B0CFA6861
:10493000B2FBF3F3FB6068E0FB689B08FB6064E09C
:104940004FF400204FF0000103F004FAF8607B6898
:104950005B68B3F5301F51D0B3F5301F54D8B3F5B1
:10496000201F47D0B3F5201F4ED8B3F5101F3DD000
:10497000B3F5101F48D8B3F5001F33D0B3F5001FAF
:1049800042D8B3F5E01F29D0B3F5E01F3CD8B3F50A
:10499000C01F1AD0B3F5C01F36D8B3F5A01F14D06E
:1049A000B3F5A01F30D8B3F5801F0ED0B3F5801F2C
:1049B0002AD8B3F5402F08D0B3F5402F24D8B3F54B
:1049C000802F02D0B3F5002F1ED17B685B689B0C53
:1049D0005B00FA68B2FBF3F3FB6016E0FB681B09AF
:1049E000FB6012E0FB685B09FB600EE0FB689B0963
:1049F000FB600AE0FB68DB09FB6006E0FB681B0A62
:104A0000FB6002E000BF00E000BFFFF7C3F8034611
:104A100041F20302934215D8FB682B4A934208D90E
:104A20007B681B689A687B681B6842F480729A6096
:104A30003EE07B681B689A687B681B6822F4807282
:104A40009A6035E0FB685B08FB60FB681F4A934295
:104A500008D87B681B689A687B681B6822F44072E0
:104A60009A6025E0FB681A4A93420AD87B681B6863
:104A70009B6823F440727B681B6842F480729A60E2
:104A800016E0FB68134A93420AD87B681B689B6850
:104A900023F440727B681B6842F400729A6007E05E
:104AA0007B681B689A687B681B6842F440729A6056
:104AB00000BF1037BD4680BD0020024000210240EB
:104AC0000023024000630258002D3101105E5F0098
:104AD00020BCBE0040787D0180B483B000AF786018
:104AE0007B689B6803F00103012B01D1012300E0E7
:104AF000002318460C37BD465DF8047B704780B430
:104B000083B000AF78607B689B6803F00403042BDC
:104B100001D1012300E0002318460C37BD465DF8A3
:104B2000047B704790B59FB000AF78603960002378
:104B300087F877307B6893F85030012B01D102233E
:104B4000BEE07B68012283F850200023FB65002330
:104B50003B667B681B685C4A934202D15B4BBB603F
:104B600001E00023BB60BB68002B0BD17B685B6D51
:104B700043F020027B685A657B68002283F850204E
:104B800001239DE0BB681846FFF7B9FF38677B68D3
:104B90001B681846FFF7B3FF0346002B7FD13B6F1E
:104BA000002B7CD17B681B68474A934204D07B680A
:104BB0001B68464A934201D1454B00E0454BFB66DA
:104BC0003B681B68002B39D0FB6E9B6823F4404286
:104BD0003B685B681A43FB6E9A607B681B683A4AC5
:104BE000934204D07B681B68384A93420ED1364802
:104BF000FFF772FF04463548FFF76EFF0346234375
:104C0000002B0CBF01230023DBB208E03248FFF782
:104C100063FF0346002B0CBF01230023DBB2002BF4
:104C200047D0FB6E9A682D4B13403A6811683A687A
:104C300092680A431A43FB6E9A603AE0FB6E9B68E7
:104C400023F44042FB6E9A607B681B681E4A9342C5
:104C500004D07B681B681D4A93420ED11A48FFF7A7
:104C60003BFF04461948FFF737FF03462343002B59
:104C70000CBF01230023DBB208E01748FFF72CFF2D
:104C80000346002B0CBF01230023DBB2002B10D006
:104C9000FB6E9A68114B1340FA6E936009E07B68D3
:104CA0005B6D43F020027B685A65012387F87730FB
:104CB00000E000BF7B68002283F8502097F877302F
:104CC00018467C37BD4690BD0020024000210240BE
:104CD000002302400063025800600258E0F0FFFF2A
:104CE00080B485B000AF78607B6803F00703FB6099
:104CF0000B4BDB68BB60BA684FF6FF031340BB6029
:104D0000FB681A02BB681A43064B1343BB60044A94
:104D1000BB68D36000BF1437BD465DF8047B7047A5
:104D200000ED00E00000FA0580B400AF044BDB6842
:104D30001B0A03F007031846BD465DF8047B704765
:104D400000ED00E080B483B000AF0346FB80B7F90C
:104D50000630002B0BDBFB8803F01F020749B7F975
:104D600006305B09012000FA02F241F8232000BF5F
:104D70000C37BD465DF8047B704700BF00E100E0E2
:104D800080B483B000AF03463960FB80B7F90630CA
:104D9000002B0ADB3B68DAB20C49B7F90630120186
:104DA000D2B20B4483F800230AE03B68DAB2084928
:104DB000FB8803F00F03043B1201D2B20B441A76B6
:104DC00000BF0C37BD465DF8047B704700E100E092
:104DD00000ED00E080B489B000AFF860B9607A609F
:104DE000FB6803F00703FB61FB69C3F10703042BB6
:104DF00028BF0423BB61FB690433062B02D9FB697E
:104E0000033B00E000237B614FF0FF32BB6902FAF5
:104E100003F3DA43BB681A407B699A404FF0FF31D5
:104E20007B6901FA03F3D9437B680B4013431846AF
:104E30002437BD465DF8047B7047000080B582B022
:104E400000AF78607B68013BB3F1807F01D3012321
:104E50000FE00A4A7B68013B53600F214FF0FF309F
:104E6000FFF78EFF054B00229A60044B07221A6061
:104E7000002318460837BD4680BD00BF10E000E0A3
:104E800080B582B000AF78607868FFF729FF00BF77
:104E90000837BD4680BD80B586B000AF0346B96017
:104EA0007A60FB81FFF740FF78617A68B9687869BA
:104EB000FFF790FF0246B7F90E3011461846FFF78C
:104EC0005FFF00BF1837BD4680BD80B582B000AF20
:104ED0000346FB80B7F906301846FFF733FF00BFE3
:104EE0000837BD4680BD80B582B000AF7860786875
:104EF000FFF7A4FF034618460837BD4680BD0000F3
:104F000080B58AB000AFF860B9607A60BB683B6278
:104F10007B68FB610823FB75404B1B7D012B01D196
:104F2000022376E03D4B01221A75BB68B3F1006F96
:104F300006D3BB68B3F1016F02D20123BB610CE061
:104F4000BB68B3F1016F06D3BB68B3F1026F02D245
:104F50000223BB6101E001235BE0304B00229A6138
:104F6000B9694CF2503000F0C1F8034687F8273099
:104F700097F82730002B47D1BB69012B06D1284B6E
:104F8000DB68274A43F00203D36007E0244BD3F8E1
:104F90000C31234A43F00203C2F80C31BFF36F8F88
:104FA00000BFBFF34F8F00BFFB691A683B6A1A60EE
:104FB0003B6A04333B62FB690433FB61FB7D013BCD
:104FC000FB75FB7D002BEFD1BFF36F8F00BFBFF3ED
:104FD0004F8F00BFB9694CF2503000F087F803469C
:104FE00087F82730BB69012B06D10D4BDB680C4AD3
:104FF00023F00203D36007E0094BD3F80C31084AD1
:1050000023F00203C2F80C31044B00221A7597F802
:10501000273018462837BD4680BD00BF9C0F0024AE
:105020000020005280B400AF184BDB6803F001038E
:10503000002B0DD0154B164A5A60144B154A5A6076
:10504000124BDB6803F00103002B01D0012318E0B1
:105050000E4BD3F80C3103F00103002B10D00B4B97
:105060000B4AC3F80421094B0A4AC3F80421074B31
:10507000D3F80C3103F00103002B01D0012300E031
:1050800000231846BD465DF8047B7047002000529F
:1050900023016745AB89EFCD80B400AF124BDB68CD
:1050A000114A43F00103D3600F4BDB6803F00103A7
:1050B000002B01D1012311E00B4BD3F80C310A4A2C
:1050C00043F00103C2F80C31074BD3F80C3103F065
:1050D0000103002B01D1012300E000231846BD4647
:1050E0005DF8047B704700BF0020005280B586B099
:1050F00000AF7860396004237B6100233B61FEF7D9
:105100003DFDF8603B68022B13D1414B7B6110E001
:105110007B68B3F1FF3F0CD0FEF730FD0246FB6821
:10512000D31A7A689A4202D37B68002B01D10323F9
:105130006AE07A69374B13407A699A420AD1364B52
:105140001A697B6913407A699A420CBF01230023D4
:10515000DBB20CE0304BD3F81031DA437B691340FB
:1051600023F00043002B0CBF01230023DBB2002BF4
:10517000CED13B68012B05D1274B1A69274B134031
:105180003B6107E0244BD3F81021244B134043F03C
:1051900000433B613B6923F00043002B17D0204BB9
:1051A0009A693B6913431E4A93613A69194B13404C
:1051B0003A699A4203D1184A3B69536105E0164A9D
:1051C0003B6923F00043C2F8143101231CE03B6823
:1051D000012B0BD1104B1B6903F48033B3F5803FD7
:1051E00011D10D4B4FF480325A610CE00A4BD3F8C9
:1051F000103103F48033B3F5803F04D1064B4FF4F4
:105200008032C3F81421002318461837BD4680BDEC
:10521000040000800F00EF1F002000520000EE1776
:105220009C0F002480B584B000AF78603960002303
:10523000FB735E4B1B7D012B01D10223B2E05B4B64
:1052400001221A75594B00229A617B685B6803F052
:105250000103002B09D001214CF25030FFF746FF2B
:105260000346002B01D00123FB737B685B6803F0CE
:105270000203002B09D002214CF25030FFF736FF19
:105280000346002B01D00123FB73FB7B002B40F076
:1052900085807B681B68012B36D17B681A697B6827
:1052A0005B681946104600F087F87B685B6803F07E
:1052B0000103002B0FD001214CF25030FFF716FFF5
:1052C0000346002B01D00123FB73394BDB68384ABE
:1052D00023F00803D3607B685B6803F00203002BB4
:1052E0005CD002214CF25030FFF700FF0346002B48
:1052F00001D00123FB732E4BD3F80C312C4A23F041
:105300000803C2F80C3149E03B684FF0FF321A60E5
:105310007B689B68BB6039E07B6859687B681B6968
:105320001A46B86800F0B2F87B685B6803F00103C6
:10533000002B0CD001214CF25030FFF7D7FE034672
:10534000FB731B4BDA681A491A4B1340CB607B681E
:105350005B6803F00203002B0ED002214CF25030A8
:10536000FFF7C4FE0346FB73114BD3F80C21104921
:10537000104B1340C1F80C31FB7B002B03D03B6872
:10538000BA681A600AE0BB680133BB607B68DA6800
:105390007B689B681344BA689A42BDD3034B0022D2
:1053A0001A75FB7B18461037BD4680BD9C0F002444
:1053B00000200052FBF8FFFF80B483B000AF78609C
:1053C00039603B6803F00303032B22D12E4BDB68CB
:1053D0002D4A23F03003D3602B4BD3F80C312A4AEB
:1053E00023F03003C2F80C31274BDA6826497B687A
:1053F0001343CB60244BD3F80C2123497B68134320
:10540000C1F80C31204B9B691F4A43F01003936194
:1054100033E03B6803F00103002B11D01A4BDB682B
:10542000194A23F03003D360174BDA6816497B68BA
:105430001343CB60144BDB68134A43F08803D360FB
:105440003B6803F00203002B17D00F4BD3F80C314D
:105450000D4A23F03003C2F80C310B4BD3F80C216A
:1054600009497B681343C1F80C31074BD3F80C3161
:10547000054A43F08803C2F80C3100BF0C37BD4623
:105480005DF8047B704700BF0020005280B485B0F7
:1054900000AFF860B9607A60BB6803F00103002BCD
:1054A00010D0184BDB68174A23F4E663D360154B22
:1054B000DA68FB6819027B680B431343114A43F017
:1054C0008403D360BB6803F00203002B14D00D4BA0
:1054D000D3F80C310B4A23F4E663C2F80C31094BC4
:1054E000D3F80C21FB6819027B680B431343054A70
:1054F00043F08403C2F80C3100BF1437BD465DF899
:10550000047B70470020005280B489B000AF7860FF
:1055100039600023FB61894B7B6194E13B681A6829
:105520000121FB6901FA03F313403B613B69002B46
:1055300000F086813B685B6803F00303012B05D014
:105540003B685B6803F00303022B30D17B689B68E8
:10555000BB61FB695B00032202FA03F3DB43BA6918
:105560001340BB613B68DA68FB695B0002FA03F336
:10557000BA691343BB617B68BA699A607B685B68F0
:10558000BB610122FB6902FA03F3DB43BA691340F2
:10559000BB613B685B681B0903F00102FB6902FA0F
:1055A00003F3BA691343BB617B68BA695A603B680D
:1055B0005B6803F00303032B17D07B68DB68BB61D8
:1055C000FB695B00032202FA03F3DB43BA69134071
:1055D000BB613B689A68FB695B0002FA03F3BA6936
:1055E0001343BB617B68BA69DA603B685B6803F0B0
:1055F0000303022B23D1FB69DA087B68083253F8D6
:105600002230BB61FB6903F007039B000F2202FA03
:1056100003F3DB43BA691340BB613B681A69FB695A
:1056200003F007039B0002FA03F3BA691343BB615B
:10563000FB69DA087B680832B96943F822107B6895
:105640001B68BB61FB695B00032202FA03F3DB43C7
:10565000BA691340BB613B685B6803F00302FB69F6
:105660005B0002FA03F3BA691343BB617B68BA6952
:105670001A603B685B6803F44033002B00F0E08065
:105680002F4BD3F8F4302E4A43F00203C2F8F43023
:105690002B4BD3F8F43003F00203FB60FB68294A7C
:1056A000FB699B08023352F82330BB61FB6903F0AE
:1056B00003039B000F2202FA03F3DB43BA69134092
:1056C000BB617B68204A934252D07B681F4A934259
:1056D00031D07B681E4A93422BD07B681D4A93428F
:1056E00025D07B681C4A93421FD07B681B4A93429B
:1056F00019D07B681A4A934213D07B68194A9342A7
:105700000DD07B68184A934207D07B68174A9342B2
:1057100001D109232DE00A232BE0082329E00723E8
:1057200027E0062325E0052323E0042321E00323CB
:105730001FE002231DE001231BE000BF8000005892
:1057400000440258000400580000025800040258A7
:1057500000080258000C02580010025800140258A9
:1057600000180258001C0258002002580024025859
:105770000023FA6902F0030292009340BA691343CE
:10578000BB613849FB699B080233BA6941F82320A1
:105790004FF0B0431B68BB613B69DB43BA69134000
:1057A000BB613B685B6803F48013002B03D0BA69CC
:1057B0003B691343BB614FF0B042BB6913604FF0CC
:1057C000B0435B68BB613B69DB43BA691340BB61B3
:1057D0003B685B6803F40013002B03D0BA693B6994
:1057E0001343BB614FF0B042BB6953607B695B6898
:1057F000BB613B69DB43BA691340BB613B685B68D3
:1058000003F40033002B03D0BA693B691343BB6137
:105810007B69BA695A607B691B68BB613B69DB4382
:10582000BA691340BB613B685B6803F48033002BAB
:1058300003D0BA693B691343BB617B69BA691A60DB
:10584000FB690133FB613B681A68FB6922FA03F3C9
:10585000002B7FF463AE00BF00BF2437BD465DF868
:10586000047B70470004005880B485B000AF7860B6
:105870000B467B807B681A697B881340002B02D023
:105880000123FB7301E00023FB73FB7B18461437F5
:10589000BD465DF8047B704780B483B000AF78608C
:1058A0000B467B8013467B707B78002B03D07A8875
:1058B0007B689A6103E07B881A047B689A6100BF69
:1058C0000C37BD465DF8047B704780B582B000AFF1
:1058D0000346FB804FF0B043D3F88820FB88134089
:1058E000002B08D04FF0B042FB88C2F88830FB880C
:1058F0001846FDF7C1F800BF0837BD4680BD00005F
:1059000080B584B000AF7860194BDB6803F0040306
:10591000042B0AD0164BDB6803F007037A689A421F
:1059200001D001231FE000231DE0114BDB6823F0B1
:1059300007020F497B681343CB60FEF71FF9F8603D
:1059400009E0FEF71BF90246FB68D31AB3F57A7F2C
:1059500001D9012307E0064B5B6803F40053B3F55C
:10596000005FEED1002318461037BD4680BD00BF52
:105970000048025880B58CB000AF78607B68002B7F
:1059800002D1012300F048BC7B681B6803F00103CF
:10599000002B00F08880994B1B6903F03803FB62F1
:1059A000964B9B6ABB62FB6A102B07D0FB6A182BD5
:1059B00011D1BB6A03F00303022B0CD18F4B1B6880
:1059C00003F40033002B6DD07B685B68002B69D13A
:1059D000012300F021BC7B685B68B3F5803F06D1F2
:1059E000864B1B68854A43F4803313602EE07B6846
:1059F0005B68002B0CD1814B1B68804A23F48033F9
:105A000013607E4B1B687D4A23F4802313601DE0E6
:105A10007B685B68B3F5A02F0CD1784B1B68774A85
:105A200043F480231360754B1B68744A43F480333E
:105A300013600BE0714B1B68704A23F480331360D2
:105A40006E4B1B686D4A23F4802313607B685B6890
:105A5000002B13D0FEF792F8786208E0FEF78EF87C
:105A600002467B6AD31A642B01D90323D4E3634B28
:105A70001B6803F40033002BF0D014E0FEF77EF82F
:105A8000786208E0FEF77AF802467B6AD31A642B44
:105A900001D90323C0E3594B1B6803F40033002BE7
:105AA000F0D100E000BF7B681B6803F00203002B0D
:105AB00000F0CA80514B1B6903F038033B624F4B27
:105AC0009B6AFB613B6A002B07D03B6A182B56D1BF
:105AD000FB6903F00303002B51D1484B1B6803F013
:105AE0000403002B05D07B68DB68002B01D1012368
:105AF00092E3424B1B6823F019027B68DB683F4945
:105B000013430B60FEF73AF8786208E0FEF736F8C8
:105B100002467B6AD31A022B01D903237CE3374B5D
:105B20001B6803F00403002BF0D0FEF733F80346A4
:105B300041F20302934217D87B681B69402B08D1BE
:105B40002E4B5B6823F47C332C4A43F400335360C0
:105B50007AE02A4B5B6823F47C327B681B691B0369
:105B6000264913434B606FE0244B5B6823F0FE42F1
:105B70007B681B691B06214913434B6064E07B680B
:105B8000DB68002B47D01D4B1B6823F019027B6894
:105B9000DB681A4913430B60FDF7F0FF786208E0F9
:105BA000FDF7ECFF02467B6AD31A022B01D90323CF
:105BB00032E3124B1B6803F00403002BF0D0FDF717
:105BC000E9FF034641F20302934219D87B681B693F
:105BD000402B08D1094B5B6823F47C33074A43F41C
:105BE0000033536030E0054B5B6823F47C327B6804
:105BF0001B691B03014913434B6025E00044025815
:105C00009A4B5B6823F0FE427B681B691B06974931
:105C100013434B6018E0954B1B68944A23F0010333
:105C20001360FDF7ABFF786208E0FDF7A7FF0246BF
:105C30007B6AD31A022B01D90323EDE28B4B1B683D
:105C400003F00403002BF0D17B681B6803F0100302
:105C5000002B00F0A980854B1B6903F03803BB6162
:105C6000824B9B6A7B61BB69082B07D0BB69182BF1
:105C70003AD17B6903F00303012B35D17B4B1B68C1
:105C800003F48073002B05D07B68DB69802B01D087
:105C90000123C1E2FDF77EFF034641F20302934276
:105CA00017D87B681B6A202B08D1704B5B6823F0E8
:105CB000F8436E4A43F08043536075E06B4B5B687A
:105CC00023F0F8427B681B6A9B06684913434B60CC
:105CD0006AE0664BDB6823F07C527B681B6A1B061C
:105CE00062491343CB605FE07B68DB69002B42D0E5
:105CF0005E4B1B685D4A43F080031360FDF73EFF77
:105D0000786208E0FDF73AFF02467B6AD31A022B5D
:105D100001D9032380E2554B1B6803F48073002BE9
:105D2000F0D0FDF737FF034641F20302934217D844
:105D30007B681B6A202B08D14C4B5B6823F0F8432F
:105D40004A4A43F0804353602EE0484B5B6823F09F
:105D5000F8427B681B6A9B06444913434B6023E06F
:105D6000424BDB6823F07C527B681B6A1B063F4971
:105D70001343CB6018E03D4B1B683C4A23F0800383
:105D80001360FDF7FBFE786208E0FDF7F7FE0246C0
:105D90007B6AD31A022B01D903233DE2334B1B68E4
:105DA00003F48073002BF0D17B681B6803F00803B9
:105DB000002B36D07B685B69002B19D02B4B5B6FB7
:105DC0002A4A43F001035367FDF7D8FE786208E0E2
:105DD000FDF7D4FE02467B6AD31A022B01D90323B6
:105DE0001AE2224B5B6F03F00203002BF0D018E0A5
:105DF0001E4B5B6F1D4A23F001035367FDF7BEFE88
:105E0000786208E0FDF7BAFE02467B6AD31A022BDD
:105E100001D9032300E2154B5B6F03F00203002B53
:105E2000F0D17B681B6803F02003002B39D07B681E
:105E30009B69002B1CD00D4B1B680C4A43F480530C
:105E40001360FDF79BFE786208E0FDF797FE0246BF
:105E50007B6AD31A022B01D90323DDE1034B1B68B4
:105E600003F40053002BF0D01BE000BF00440258A5
:105E70009B4B1B689A4A23F480531360FDF77EFE08
:105E8000786208E0FDF77AFE02467B6AD31A022B9D
:105E900001D90323C0E1924B1B6803F40053002B8C
:105EA000F0D17B681B6803F00403002B00F08180B5
:105EB0008C4B1B688B4A43F480731360FDF75EFEC6
:105EC000786208E0FDF75AFE02467B6AD31A642B1B
:105ED00001D90323A0E1834B1B6803F48073002BDB
:105EE000F0D07B689B68012B06D17D4B1B6F7C4AF1
:105EF00043F0010313672DE07B689B68002B0CD1F6
:105F0000774B1B6F764A23F001031367744B1B6FAB
:105F1000734A23F0040313671CE07B689B68052B1E
:105F20000CD16F4B1B6F6E4A43F0040313676C4B2D
:105F30001B6F6B4A43F0010313670BE0684B1B6F49
:105F4000674A23F001031367654B1B6F644A23F014
:105F5000040313677B689B68002B15D0FDF70EFECA
:105F600078620AE0FDF70AFE02467B6AD31A41F224
:105F70008832934201D903234EE1594B1B6F03F042
:105F80000203002BEED014E0FDF7F8FD78620AE082
:105F9000FDF7F4FD02467B6AD31A41F28832934240
:105FA00001D9032338E14E4B1B6F03F00203002B92
:105FB000EED17B685B6A002B00F02D81484B1B699A
:105FC00003F03803182B00F0BD807B685B6A022B5E
:105FD00040F09E80424B1B68414A23F0807313605F
:105FE000FDF7CCFD786208E0FDF7C8FD02467B6A4C
:105FF000D31A022B01D903230EE1394B1B6803F09E
:106000000073002BF0D1364B9A6A374B13407A68F5
:10601000916A7A68D26A12010A43314913438B624A
:106020007B681B6B013BC3F308027B685B6B013B26
:106030005B029BB21A437B689B6B013B1B0403F41E
:10604000FE031A437B68DB6B013B1B0603F0FE4338
:10605000234913430B63224BDB6A214A23F00103DC
:10606000D3621F4B5A6B214B13407A68926CD2005B
:106070001B4913434B631A4BDB6A23F00C027B680A
:106080001B6C17491343CB62154BDB6A23F00202EA
:106090007B685B6C12491343CB62114BDB6A104A7D
:1060A00043F48033D3620E4BDB6A0D4A43F4003372
:1060B000D3620B4BDB6A0A4A43F48023D362084B5A
:1060C000DB6A074A43F00103D362054B1B68044AAD
:1060D00043F080731360FDF751FD786211E000BF5B
:1060E00000440258004802580CFCFFFF0700FFFF65
:1060F000FDF744FD02467B6AD31A022B01D9032324
:106100008AE0474B1B6803F00073002BF0D082E05D
:10611000434B1B68424A23F080731360FDF72EFD4A
:10612000786208E0FDF72AFD02467B6AD31A022B4B
:1061300001D9032370E03A4B1B6803F00073002B76
:10614000F0D168E0364B9B6A3B61354B1B6BFB60C3
:106150007B685B6A012B31D03B6903F003027B68EB
:106160009B6A9A422AD13B691B0903F03F027B6874
:10617000DB6A9A4222D1FB68C3F308027B681B6B7F
:10618000013B9A421AD1FB685B0A03F07F027B68ED
:106190005B6B013B9A4211D1FB681B0C03F07F0241
:1061A0007B689B6B013B9A4208D1FB681B0E03F096
:1061B0007F027B68DB6B013B9A4201D001232BE01D
:1061C000174B5B6BDB08C3F30C033B617B689B6C79
:1061D0003A699A421FD0124BDB6A114A23F001033D
:1061E000D362FDF7CBFC786200BFFDF7C7FC024627
:1061F0007B6A9342F9D00A4B5A6B0A4B13407A6878
:10620000926CD200064913434B63054BDB6A044A88
:1062100043F00103D362002318463037BD4680BDEA
:10622000004402580700FFFF80B586B000AF7860D9
:1062300039607B68002B01D101239CE18A4B1B68EC
:1062400003F00F033A689A4210D9874B1B6823F07A
:106250000F0285493B6813430B60834B1B6803F0B7
:106260000F033A689A4201D0012384E17B681B68DE
:1062700003F00403002B10D07B681A697B4B9B69E9
:1062800003F070039A4208D9784B9B6923F070029F
:106290007B681B69754913438B617B681B6803F03E
:1062A0000803002B10D07B685A69704BDB6903F040
:1062B00070039A4208D96D4BDB6923F070027B684A
:1062C0005B696A491343CB617B681B6803F0100369
:1062D000002B10D07B689A69644BDB6903F4E063A0
:1062E0009A4208D9614BDB6923F4E0627B689B69C1
:1062F0005E491343CB617B681B6803F02003002BCE
:1063000010D07B68DA69594B1B6A03F070039A421C
:1063100008D9564B1B6A23F070027B68DB6953492E
:1063200013430B627B681B6803F00203002B10D041
:106330007B68DA684D4B9B6903F00F039A4208D9DA
:106340004A4B9B6923F00F027B68DB684749134384
:106350008B617B681B6803F00103002B55D0434B16
:106360009B6923F470627B689B68404913438B618F
:106370007B685B68022B07D13C4B1B6803F400333E
:10638000002B21D10123F6E07B685B68032B07D14A
:10639000364B1B6803F00073002B15D10123EAE094
:1063A0007B685B68012B07D1304B1B6803F480735B
:1063B000002B09D10123DEE02C4B1B6803F0040302
:1063C000002B01D10123D6E0284B1B6923F00702E3
:1063D0007B685B68254913430B61FDF7CFFB786150
:1063E0000AE0FDF7CBFB02467B69D31A41F2883203
:1063F000934201D90323BEE01C4B1B6903F0380212
:106400007B685B68DB009A42EBD17B681B6803F01A
:106410000203002B10D07B68DA68144B9B6903F0F1
:106420000F039A4208D2114B9B6923F00F027B683D
:10643000DB680E4913438B610B4B1B6803F00F03A2
:106440003A689A4214D2084B1B6823F00F0206499F
:106450003B6813430B60044B1B6803F00F033A685F
:106460009A4205D0012386E00020005200440258E1
:106470007B681B6803F00403002B10D07B681A694B
:106480003F4B9B6903F070039A4208D23C4B9B69D7
:1064900023F070027B681B69394913438B617B6869
:1064A0001B6803F00803002B10D07B685A69344B3B
:1064B000DB6903F070039A4208D2314BDB6923F0A9
:1064C00070027B685B692E491343CB617B681B6854
:1064D00003F01003002B10D07B689A69284BDB690E
:1064E00003F4E0639A4208D2254BDB6923F4E062AF
:1064F0007B689B6922491343CB617B681B6803F06F
:106500002003002B10D07B68DA691D4B1B6A03F057
:1065100070039A4208D21A4B1B6A23F070027B6800
:10652000DB69174913430B6200F034F80246144B41
:106530009B691B0A03F00F031249CB5C03F01F0396
:1065400022FA03F33B610E4B9B6903F00F030D4AE4
:10655000D35C03F01F033A6922FA03F30A4A13607B
:106560000A4A3B6913600A4B1B681846FDF7BCFAE0
:106570000346FB73FB7B18461837BD4680BD00BF42
:1065800000440258540901083C0100243801002449
:106590004001002480B489B000AFB34B1B6903F005
:1065A0003803182B00F2558101A252F823F000BFE6
:1065B000156600085368000853680008536800080F
:1065C00053680008536800085368000853680008BF
:1065D0003B660008536800085368000853680008C9
:1065E000536800085368000853680008536800089F
:1065F00041660008536800085368000853680008A3
:10660000536800085368000853680008536800087E
:1066100047660008944B1B6803F02003002B09D049
:10662000914B1B68DB0803F00303904A22FA03F343
:10663000BB6111E18D4BBB610EE18D4BBB610BE189
:106640008C4BBB6108E1884B9B6A03F003037B61C1
:10665000854B9B6A1B0903F03F033B61824BDB6A5E
:1066600003F00103FB60804B5B6BDB08C3F30C039F
:10667000FA6802FB03F307EE903AF8EE677AC7ED8B
:10668000027A3B69002B00F0E1807B69022B00F06D
:1066900083807B69022B00F2A1807B69002B03D0F1
:1066A0007B69012B56D099E06F4B1B6803F02003E8
:1066B000002B2DD06C4B1B68DB0803F003036B4AE7
:1066C00022FA03F37B607B6807EE903AF8EE676A84
:1066D0003B6907EE903AF8EE677A86EEA77A624B4E
:1066E0001B6BC3F3080307EE903AF8EE676A97ED69
:1066F000026ADFED615AC6EE257A76EEA77AF7EEEA
:10670000006A77EEA67A67EE277AC7ED077A87E008
:106710003B6907EE903AF8EE677ADFED586A86EE4D
:10672000A77A514B1B6BC3F3080307EE903AF8EEC0
:10673000676A97ED026ADFED505AC6EE257A76EE6B
:10674000A77AF7EE006A77EEA67A67EE277AC7EDAA
:10675000077A65E03B6907EE903AF8EE677ADFED7D
:10676000486A86EEA77A404B1B6BC3F3080307EE1B
:10677000903AF8EE676A97ED026ADFED3F5AC6EE8F
:10678000257A76EEA77AF7EE006A77EEA67A67EEBC
:10679000277AC7ED077A43E03B6907EE903AF8EEB7
:1067A000677ADFED386A86EEA77A2F4B1B6BC3F34F
:1067B000080307EE903AF8EE676A97ED026ADFED9C
:1067C0002E5AC6EE257A76EEA77AF7EE006A77EEB5
:1067D000A67A67EE277AC7ED077A21E03B6907EED4
:1067E000903AF8EE677ADFED266A86EEA77A1E4BBE
:1067F0001B6BC3F3080307EE903AF8EE676A97ED58
:10680000026ADFED1D5AC6EE257A76EEA77AF7EE1C
:10681000006A77EEA67A67EE277AC7ED077A00BF9F
:10682000114B1B6B5B0A03F07F0301333B603B683A
:1068300007EE903AB8EE677AD7ED076AC6EE877A28
:10684000FCEEE77A17EE903ABB6105E00023BB61EE
:1068500002E0074BBB6100BFBB6918462437BD4649
:106860005DF8047B704700BF004402580090D003DD
:1068700000093D0000127A00000000460024744C1C
:106880000024744A0024F44A80B582B000AFFFF7B8
:1068900081FE0246104B9B691B0A03F00F030F4950
:1068A000CB5C03F01F0322FA03F37B600A4B9B6966
:1068B00003F00F03094AD35C03F01F037A6822FA3E
:1068C00003F3074A1360074A7B681360044B1B6895
:1068D00018460837BD4680BD0044025854090108D7
:1068E0003C0100243801002480B500AFFFF7CCFF45
:1068F0000246064BDB691B0903F007030449CB5C26
:1069000003F01F0322FA03F3184680BD0044025827
:106910005409010880B500AFFFF7B6FF0246064BE9
:10692000DB691B0A03F007030449CB5C03F01F0378
:1069300022FA03F3184680BD0044025854090108A6
:106940002DE9B04FCAB000AFC7F81401002387F893
:106950002731002387F82631D7F81431D3E90023F3
:1069600002F00064002554EA050349D0D7F8143139
:106970009B6EB3F5401F2FD0B3F5401F28D8B3F559
:10698000001F1AD0B3F5001F22D8002B03D0B3F597
:10699000801F07D01CE0B84BDB6AB74A43F40033D2
:1069A000D3621AE0D7F8143108330221184602F0F6
:1069B00061FB034687F827310FE0D7F814312833FD
:1069C0000221184602F008FC034687F8273104E04C
:1069D000012387F8273100E000BF97F82731002B0B
:1069E0000AD1A54B1B6D23F44011D7F814319B6ECF
:1069F000A14A0B43136503E097F8273187F8263146
:106A0000D7F81431D3E9002302F480784FF000095D
:106A100058EA090347D0D7F814319B6D042B2AD8C4
:106A200001A252F823F000BF3D6A00084B6A00083B
:106A3000616A00087F6A00087F6A00088E4BDB6A83
:106A40008D4A43F40033D3621AE0D7F81431083387
:106A50000021184602F00EFB034687F827310FE0AD
:106A6000D7F8143128330021184602F0B5FB03464D
:106A700087F8273104E0012387F8273100E000BFC1
:106A800097F82731002B0AD17B4B1B6D23F00701B0
:106A9000D7F814319B6D784A0B43136503E097F8E0
:106AA000273187F82631D7F81431D3E9002302F4CF
:106AB000007A4FF0000B5AEA0B034CD0D7F8143190
:106AC000DB6DB3F5807F30D0B3F5807F29D8C02B44
:106AD0002DD0C02B25D8802B18D0802B21D8002B6F
:106AE00002D0402B07D01CE0634BDB6A624A43F4C0
:106AF0000033D3621CE0D7F8143108330021184664
:106B000002F0B8FA034687F8273111E0D7F81431BC
:106B100028330021184602F05FFB034687F827312F
:106B200006E0012387F8273102E000BF00E000BF44
:106B300097F82731002B0AD14F4B1B6D23F4E071DE
:106B4000D7F81431DB6D4C4A0B43136503E097F81B
:106B5000273187F82631D7F81431D3E9002302F41E
:106B60008063C7F808310023C7F80C31D7E9421217
:106B70000B46134353D0D7F81431D3F8A830B3F5EC
:106B8000000F35D0B3F5000F2ED8B3F5C00F31D0BC
:106B9000B3F5C00F28D8B3F5800F1AD0B3F5800F26
:106BA00022D8002B03D0B3F5001F07D01CE0324BD6
:106BB000DB6A314A43F40033D3621CE0D7F8143166
:106BC00008330021184602F055FA034687F82731AA
:106BD00011E0D7F8143128330021184602F0FCFAEE
:106BE000034687F8273106E0012387F8273102E0C2
:106BF00000BF00E000BF97F82731002B0BD11E4BE0
:106C00009B6D23F46001D7F81431D3F8A8301A4AE9
:106C10000B43936503E097F8273187F82631D7F8BF
:106C20001431D3E9002302F40063C7F800310023D4
:106C3000C7F80431D7E940120B46134356D0D7F8B2
:106C40001431D3F8AC30B3F1806F38D0B3F1806F2A
:106C500031D8B3F1407F34D0B3F1407F2BD8B3F1BA
:106C6000007F1DD0B3F1007F25D8002B06D0B3F1F3
:106C7000807F0AD01FE000BF00440258A24BDB6AAD
:106C8000A14A43F40033D3621CE0D7F8143108332F
:106C90000021184602F0EEF9034687F8273111E08B
:106CA000D7F8143128330021184602F095FA03462C
:106CB00087F8273106E0012387F8273102E000BF7B
:106CC00000E000BF97F82731002B0BD18E4B9B6D56
:106CD00023F0E061D7F81431D3F8AC308A4A0B4383
:106CE000936503E097F8273187F82631D7F81431F8
:106CF000D3E9002302F00073C7F8F8300023C7F887
:106D0000FC30D7E93E120B4613433AD0D7F8143182
:106D1000DB6C302B1FD0302B19D8202B0CD0202B24
:106D200015D8002B19D0102B11D1774BDB6A764A7E
:106D300043F40033D36211E0D7F814310833022151
:106D4000184602F097F9034687F8273106E0012339
:106D500087F8273102E000BF00E000BF97F8273135
:106D6000002B0AD1684BDB6C23F03001D7F81431CB
:106D7000DB6C654A0B43D36403E097F8273187F84F
:106D80002631D7F81431D3E9002302F48053C7F831
:106D9000F0300023C7F8F430D7E93C120B46134318
:106DA00051D0D7F814311B6EB3F5804F35D0B3F501
:106DB000804F2ED8B3F5405F31D0B3F5405F28D86F
:106DC000B3F5005F1AD0B3F5005F22D8002B03D0D3
:106DD000B3F5805F07D01CE04B4BDB6A4A4A43F4B3
:106DE0000033D3621CE0D7F8143108330021184671
:106DF00002F040F9034687F8273111E0D7F8143143
:106E000028330021184602F0E7F9034687F82731B6
:106E100006E0012387F8273102E000BF00E000BF51
:106E200097F82731002B0AD1374B1B6D23F4E04133
:106E3000D7F814311B6E344A0B43136503E097F8FF
:106E4000273187F82631D7F81431D3E9002302F42B
:106E50000053C7F8E8300023C7F8EC30D7E93A12FE
:106E60000B46134356D0D7F814315B6EB3F5A02F01
:106E700033D0B3F5A02F2CD8B3F5802F2FD0B3F596
:106E8000802F26D8B3F5403F2BD0B3F5403F20D814
:106E9000B3F5003F12D0B3F5003F1AD8002B22D033
:106EA000B3F5803F15D1D7F81431083301211846C6
:106EB00002F0E0F8034687F8273115E0D7F81431DF
:106EC00028330121184602F087F9034687F8273155
:106ED0000AE0012387F8273106E000BF04E000BF85
:106EE00002E000BF00E000BF97F82731002B0DD172
:106EF000054B1B6D23F4E021D7F814315B6E024A79
:106F00000B43136506E000BF0044025897F8273191
:106F100087F82631D7F81431D3E9002302F48043EF
:106F2000C7F8E0300023C7F8E430D7E938120B4641
:106F3000134355D0D7F81431D3F8B030B3F1A04F84
:106F400033D0B3F1A04F2CD8B3F1804F2FD0B3F191
:106F5000804F26D8B3F1405F2BD0B3F1405F20D8EB
:106F6000B3F1005F12D0B3F1005F1AD8002B22D02A
:106F7000B3F1805F15D1D7F81431083301211846D9
:106F800002F078F8034687F8273115E0D7F8143176
:106F900028330121184602F01FF9034687F82731EC
:106FA0000AE0012387F8273106E000BF04E000BFB4
:106FB00002E000BF00E000BF97F82731002B0BD1A3
:106FC000A34B9B6D23F0E041D7F81431D3F8B030D8
:106FD0009F4A0B43936503E097F8273187F82631E2
:106FE000D7F81431D3E9002302F40043C7F8D830AE
:106FF0000023C7F8DC30D7E936120B46134337D0ED
:10700000D7F814311B6FB3F1005F0ED0B3F1005FFE
:1070100016D8002B18D0B3F1805F11D18C4BDB6AEE
:107020008B4A43F40033D3620FE0D7F814310833AE
:107030000121184602F01EF8034687F8273104E0C4
:10704000012387F8273100E000BF97F82731002B94
:107050000AD17F4B1B6D23F04051D7F814311B6FC1
:107060007B4A0B43136503E097F8273187F82631F5
:10707000D7F81431D3E9002302F08073C7F8D03079
:107080000023C7F8D430D7E934120B46134339D064
:10709000D7F814319B6C032B1CD801A252F823F0B3
:1070A000DD700008B1700008BF700008DD700008D6
:1070B000674BDB6A664A43F40033D3620FE0D7F8CC
:1070C000143108330221184601F0D4FF034687F833
:1070D000273104E0012387F8273100E000BF97F84B
:1070E0002731002B0AD15A4BDB6C23F00301D7F870
:1070F00014319B6C564A0B43D36403E097F8273155
:1071000087F82631D7F81431D3E9002302F480033D
:10711000C7F8C8300023C7F8CC30D7E932120B4685
:10712000134300F09F804B4B1B684A4A43F4807323
:107130001360FCF723FDC7F820010BE0FCF71EFDF0
:107140000246D7F82031D31A642B03D9032387F8DA
:10715000273105E03F4B1B6803F48073002BEDD013
:1071600097F82731002B79D1394B1A6FD7F81431A2
:10717000D3F8B430534003F44073002B15D0344B94
:107180001B6F23F44073C7F81C31314B1B6F304A1F
:1071900043F4803313672E4B1B6F2D4A23F4803347
:1071A00013672B4AD7F81C311367D7F81431D3F87B
:1071B000B430B3F5807F18D1FCF7E0FCC7F82001AC
:1071C0000DE0FCF7DBFC0246D7F82031D21A41F281
:1071D00088339A4203D9032387F8273105E01C4BF3
:1071E0001B6F03F00203002BEBD097F82731002B25
:1071F00029D1D7F81431D3F8B43003F44073B3F580
:10720000407F0ED1124B1B6923F47C51D7F8143107
:10721000D3F8B4301A09104B13400D4A0B431361D5
:1072200005E00B4B1B690A4A23F47C531361084B9E
:10723000196FD7F81431D3F8B430C3F30B03044AF1
:107240000B4313670EE097F8273187F8263109E0E2
:107250000044025800480258CFFFFF0097F827313A
:1072600087F82631D7F81431D3E9002302F001035F
:10727000C7F8C0300023C7F8C430D7E930120B4636
:10728000134300F08980D7F81431DB6F282B6BD8BB
:1072900001A252F823F000BF71730008697300085F
:1072A000697300086973000869730008697300084E
:1072B00069730008697300083D730008697300086A
:1072C000697300086973000869730008697300082E
:1072D0006973000869730008537300086973000834
:1072E000697300086973000869730008697300080E
:1072F00069730008697300087173000869730008F6
:1073000069730008697300086973000869730008ED
:1073100069730008697300087173000869730008D5
:1073200069730008697300086973000869730008CD
:10733000697300086973000871730008D7F8143185
:1073400008330121184601F095FE034687F82731DE
:107350000FE0D7F8143128330121184601F03CFF23
:10736000034687F8273104E0012387F8273100E03E
:1073700000BF97F82731002B0AD1BF4B5B6D23F07C
:107380003801D7F81431DB6FBB4A0B43536503E078
:1073900097F8273187F82631D7F81431D3E900233D
:1073A00002F00203C7F8B8300023C7F8BC30D7E9B1
:1073B0002E120B46134341D0D7F814319B6F052B87
:1073C00024D801A252F823F015740008E1730008D4
:1073D000F773000815740008157400081574000888
:1073E000D7F8143108330121184601F043FE034653
:1073F00087F827310FE0D7F81431283301211846D8
:1074000001F0EAFE034687F8273104E0012387F8FC
:10741000273100E000BF97F82731002B0AD1964BA7
:107420005B6D23F00701D7F814319B6F924A0B4331
:10743000536503E097F8273187F82631D7F81431E0
:10744000D3E9002302F00403C7F8B0300023C7F8E3
:10745000B430D7E92C120B46134344D0D7F814317B
:10746000D3F89430052B25D801A252F823F000BFA1
:10747000BD740008897400089F740008BD7400087A
:10748000BD740008BD740008D7F814310833012119
:10749000184601F0EFFD034687F827310FE0D7F8D3
:1074A000143128330121184601F096FE034687F86F
:1074B000273104E0012387F8273100E000BF97F867
:1074C0002731002B0BD16C4B9B6D23F00701D7F8B4
:1074D0001431D3F89430684A0B43936503E097F86E
:1074E000273187F82631D7F81431D3E9002302F089
:1074F0002003C7F8A8300023C7F8AC30D7E92A1218
:107500000B46134355D0D7F81431D3F89030B3F16C
:10751000A04F33D0B3F1A04F2CD8B3F1804F2FD070
:10752000B3F1804F26D8B3F1405F2BD0B3F1405F69
:1075300020D8B3F1005F12D0B3F1005F1AD8002B4E
:1075400022D0B3F1805F15D1D7F814310833002170
:10755000184601F08FFD034687F8273115E0D7F86C
:10756000143128330221184601F036FE034687F80D
:1075700027310AE0012387F8273106E000BF04E045
:1075800000BF02E000BF00E000BF97F82731002BEA
:107590000BD1394B5B6D23F0E041D7F81431D3F8B0
:1075A0009030354A0B43536503E097F8273187F84D
:1075B0002631D7F81431D3E9002302F04003C7F88D
:1075C000A0300023C7F8A430D7E928120B46134394
:1075D00058D0D7F81431D3F89C30B3F5A05F33D02E
:1075E000B3F5A05F2CD8B3F5805F2FD0B3F5805FE3
:1075F00026D8B3F5406F2BD0B3F5406F20D8B3F544
:10760000006F12D0B3F5006F1AD8002B22D0B3F55B
:10761000806F15D1D7F8143108330021184601F0D6
:1076200029FD034687F8273115E0D7F814312833B0
:107630000221184601F0D0FD034687F827310AE001
:10764000012387F8273106E000BF04E000BF02E015
:1076500000BF00E000BF97F82731002B0ED1064B8A
:107660009B6D23F4E051D7F81431D3F89C30024AD3
:107670000B43936506E000BF0044025897F827319A
:1076800087F82631D7F81431D3E9002302F08003BC
:10769000C7F898300023C7F89C30D7E926120B466C
:1076A000134355D0D7F81431D3F8A030B3F5204F99
:1076B00033D0B3F5204F2CD8B3F5004F2FD0B3F50E
:1076C000004F26D8B3F5C04F2BD0B3F5C04F20D80C
:1076D000B3F5804F12D0B3F5804F1AD8002B22D0CB
:1076E000B3F5005F15D1D7F81431083300211846DF
:1076F00001F0C0FC034687F8273115E0D7F81431B4
:1077000028330221184601F067FD034687F8273128
:107710000AE0012387F8273106E000BF04E000BF3C
:1077200002E000BF00E000BF97F82731002B0BD12B
:10773000A14B9B6D23F46041D7F81431D3F8A030EE
:107740009D4A0B43936503E097F8273187F826316C
:10775000D7F81431D3E9002302F00803C7F89030BA
:107760000023C7F89430D7E924120B4613431ED0E8
:10777000D7F81431D3F88430B3F5805F0CD1D7F843
:10778000143128330221184601F026FD0346002B50
:1077900002D0012387F82631874B5B6D23F44051DB
:1077A000D7F81431D3F88430834A0B435365D7F8A4
:1077B0001431D3E9002302F01003C7F88830002306
:1077C000C7F88C30D7E922120B4613431ED0D7F8E6
:1077D0001431D3F89830B3F5807F0CD1D7F8143139
:1077E00028330221184601F0F7FC0346002B02D093
:1077F000012387F82631704B9B6D23F44071D7F835
:107800001431D3F898306C4A0B439365D7F8143190
:10781000D3E9002302F40023C7F880300023C7F81F
:107820008430D7E920120B4613433ED0D7F81431E9
:10783000D3F8A430B3F5003F22D0B3F5003F1BD8F6
:10784000002B03D0B3F5803F0BD015E0D7F81431EF
:1078500008330021184601F00DFC034687F8273154
:107860000FE0D7F8143128330221184601F0B4FC98
:10787000034687F8273104E0012387F8273100E029
:1078800000BF97F82731002B0BD14B4B9B6D23F496
:107890004031D7F81431D3F8A430474A0B439365ED
:1078A00003E097F8273187F82631D7F81431D3E968
:1078B000002302F48023BB670023FB67D7E91E1275
:1078C0000B4613433BD0D7F81431D3F88830B3F5C7
:1078D000401F1FD0B3F5401F18D8B3F5801F03D049
:1078E000B3F5001F07D011E0334BDB6A324A43F493
:1078F0000033D3620FE0D7F8143128330121184642
:1079000001F06AFC034687F8273104E0012387F879
:10791000273100E000BF97F82731002B0BD1264B11
:107920005B6D23F44011D7F81431D3F88830224A24
:107930000B43536503E097F8273187F82631D7F8D2
:107940001431D3E9002302F480333B6700237B67C3
:10795000D7E91C120B46134334D0D7F814311B6DF2
:10796000002B03D0B3F5803F07D011E0124BDB6A48
:10797000114A43F40033D3620EE0D7F814310833D0
:107980000221184601F076FB034687F8273103E011
:10799000012387F8273100BF97F82731002B0DD13D
:1079A000054BDB6C23F48031D7F814311B6D024A90
:1079B0000B43D36406E000BF0044025897F8273118
:1079C00087F82631D7F81431D3E9002302F00053A9
:1079D000BB660023FB66D7E91A120B4613430CD093
:1079E000D7F8143128330221184601F0F5FB03467D
:1079F000002B02D0012387F82631D7F81431D3E9C0
:107A0000002302F400333B6600237B66D7E918129B
:107A10000B46134338D0D7F81431D3F88030B3F580
:107A2000407F18D0B3F5407F11D8B3F5007F14D054
:107A3000B3F5007F0BD8002B11D0B3F5807F06D1B2
:107A4000C34BDB6AC24A43F40033D36208E001232C
:107A500087F8273104E000BF02E000BF00E000BF6C
:107A600097F82731002B0BD1B94B5B6D23F4407194
:107A7000D7F81431D3F88030B54A0B43536503E08F
:107A800097F8273187F82631D7F81431D3E9002346
:107A900002F48013BB650023FB65D7E916120B4681
:107AA000134309D0AA4B1B6D23F00041D7F81431C2
:107AB0005B6FA74A0B431365D7F81431D3E9002352
:107AC00002F080533B6500237B65D7E914120B4617
:107AD00013430AD09E4B1B6923F48041D7F814311D
:107AE000D3F8B8309A4A0B431361D7F81431D3E96D
:107AF000002302F40013BB640023FB64D7E91212D5
:107B00000B46134309D0924B1B6D23F08071D7F8BD
:107B10001431DB6E8E4A0B431365D7F81431D3E969
:107B2000002302F080433B6400237B64D7E91012FA
:107B30000B4613430ED0864B1B69854A23F4004342
:107B40001361834B1969D7F81431D3F8BC30804ADC
:107B50000B431361D7F81431D3E9002302F000433B
:107B6000BB630023FB63D7E90E120B46134309D016
:107B7000774BDB6C23F04051D7F814315B6D744ABE
:107B80000B43D364D7F81431D3E9002302F4000384
:107B90003B6300237B63D7E90C120B4613430AD0E7
:107BA0006B4B5B6D23F44001D7F81431D3F88C3064
:107BB000674A0B435365D7F81431D3E900230021FA
:107BC000B96203F00103FB62D7E90A120B461343C3
:107BD00011D0D7F8143108330021184601F04AFAC1
:107BE000034687F8273197F82731002B03D097F801
:107BF000273187F82631D7F81431D3E90023002143
:107C0000396203F002037B62D7E908120B46134383
:107C100011D0D7F8143108330121184601F02AFA9F
:107C2000034687F8273197F82731002B03D097F8C0
:107C3000273187F82631D7F81431D3E90023002102
:107C4000B96103F00403FB61D7E906120B46134345
:107C500011D0D7F8143108330221184601F00AFA7E
:107C6000034687F8273197F82731002B03D097F880
:107C7000273187F82631D7F81431D3E900230021C2
:107C8000396103F008037B61D7E904120B46134303
:107C900011D0D7F8143128330021184601F09CFA8E
:107CA000034687F8273197F82731002B03D097F840
:107CB000273187F82631D7F81431D3E90023002182
:107CC000B96003F01003FB60D7E902120B461343BF
:107CD00011D0D7F8143128330121184601F07CFA6D
:107CE000034687F8273197F82731002B03D097F800
:107CF000273187F82631D7F81431D3E90023002142
:107D0000396003F020037B60D7E900120B46134370
:107D100011D0D7F8143128330221184601F05CFA4B
:107D2000034687F8273197F82731002B03D097F8BF
:107D3000273187F8263197F82631002B01D100230F
:107D400000E00123184607F59477BD46BDE8B08FE3
:107D50000044025880B590B000AFC7E90001D7E9F0
:107D60000023A2F580710B4340F094809E4B1B6D65
:107D700003F007033B633B6B042B00F2878001A2F7
:107D800052F823F0997D0008C17D0008E97D0008C4
:107D9000857E0008117E0008934B1B6803F000737A
:107DA000B3F1007F08D107F12403184601F010F861
:107DB000BB6AFB6300F045BD0023FB6300F041BDDF
:107DC000894B1B6803F00063B3F1006F08D107F122
:107DD0001803184600F054FDBB69FB6300F031BD89
:107DE0000023FB6300F02DBD7F4B1B6803F00053A5
:107DF000B3F1005F08D107F10C03184600F094FEC0
:107E0000FB68FB6300F01DBD0023FB6300F019BDA0
:107E1000754BDB6C03F040537B63734B1B6803F0C3
:107E20000403042B0CD17B6B002B09D16E4B1B6818
:107E3000DB0803F003036D4A22FA03F3FB631FE040
:107E4000694B1B6803F48073B3F5807F06D17B6BAD
:107E5000B3F1805F02D1664BFB6311E0624B1B689C
:107E600003F40033B3F5003F06D17B6BB3F1005F41
:107E700002D1604BFB6303E00023FB6300F0E1BC35
:107E800000F0DFBC5C4BFB6300F0DBBC0023FB635A
:107E900000F0D7BCD7E90023A2F500710B4340F0F6
:107EA000AD80514B1B6D03F4E0733B633B6BB3F54B
:107EB000807F56D03B6BB3F5807F00F290803B6BA8
:107EC000C02B00F088803B6BC02B00F288803B6B9E
:107ED000802B32D03B6B802B00F281803B6B002BE0
:107EE00003D03B6B402B14D079E03F4B1B6803F071
:107EF0000073B3F1007F08D107F12403184600F0A6
:107F000067FFBB6AFB6300F09CBC0023FB6300F0CF
:107F100098BC354B1B6803F00063B3F1006F08D1C8
:107F200007F11803184600F0ABFCBB69FB6300F0D7
:107F300088BC0023FB6300F084BC2B4B1B6803F060
:107F40000053B3F1005F08D107F10C03184600F0AD
:107F5000EBFDFB68FB6300F074BC0023FB6300F0E7
:107F600070BC214BDB6C03F040537B631E4B1B68E2
:107F700003F00403042B0CD17B6B002B09D11A4BAB
:107F80001B68DB0803F00303184A22FA03F3FB63C0
:107F90001FE0154B1B6803F48073B3F5807F06D197
:107FA0007B6BB3F1805F02D1114BFB6311E00E4B91
:107FB0001B6803F40033B3F5003F06D17B6BB3F1CC
:107FC000005F02D10B4BFB6303E00023FB6300F077
:107FD00038BC00F036BC084BFB6300F032BC002319
:107FE000FB6300F02EBC00BF004402580090D00399
:107FF00000093D0000127A000080BB00D7E9002391
:10800000A2F580610B4340F09C809E4B9B6D03F476
:1080100060033B633B6BB3F5000F54D03B6BB3F590
:10802000000F00F28B803B6BB3F5C00F00F0838034
:108030003B6BB3F5C00F00F281803B6BB3F5800F53
:108040002FD03B6BB3F5800F78D83B6B002B04D05F
:108050003B6BB3F5001F12D070E08A4B1B6803F036
:108060000073B3F1007F07D107F12403184600F035
:10807000AFFEBB6AFB63E4E30023FB63E1E3814BF8
:108080001B6803F00063B3F1006F07D107F1180319
:10809000184600F0F5FBBB69FB63D2E30023FB63EA
:1080A000CFE3784B1B6803F00053B3F1005F07D1B7
:1080B00007F10C03184600F037FDFB68FB63C0E3D3
:1080C0000023FB63BDE36F4BDB6C03F040537B632A
:1080D0006C4B1B6803F00403042B0CD17B6B002B4F
:1080E00009D1684B1B68DB0803F00303664A22FAD8
:1080F00003F3FB631EE0634B1B6803F48073B3F56B
:10810000807F06D17B6BB3F1805F02D15F4BFB6355
:1081100010E05C4B1B6803F40033B3F5003F06D15D
:108120007B6BB3F1005F02D1594BFB6302E000238C
:10813000FB6386E385E3574BFB6382E30023FB632A
:108140007FE3D7E90023A2F500610B4340F0A7804D
:108150004C4B9B6D03F0E0633B633B6BB3F1806F73
:1081600055D03B6BB3F1806F00F296803B6BB3F15F
:10817000407F00F084803B6BB3F1407F00F28C8045
:108180003B6BB3F1007F30D03B6BB3F1007F00F26B
:1081900083803B6B002B04D03B6BB3F1807F12D00C
:1081A0007AE0384B1B6803F00073B3F1007F07D10E
:1081B00007F12403184600F00BFEBB6AFB6340E3A3
:1081C0000023FB633DE32F4B1B6803F00063B3F117
:1081D000006F07D107F11803184600F051FBBB6987
:1081E000FB632EE30023FB632BE3264B1B6803F0AA
:1081F0000053B3F1005F07D107F10C03184600F0FC
:1082000093FCFB68FB631CE30023FB6319E31D4B3A
:10821000DB6C03F040537B631A4B1B6803F00403D1
:10822000042B0CD17B6B002B09D1164B1B68DB0890
:1082300003F00303144A22FA03F3FB631EE0114B1D
:108240001B6803F48073B3F5807F06D17B6BB3F1B9
:10825000805F02D10D4BFB6310E00A4B1B6803F4F7
:108260000033B3F5003F06D17B6BB3F1005F02D161
:10827000074BFB6302E00023FB63E2E2E1E2054B14
:10828000FB63DEE2004402580090D00300093D0089
:1082900000127A000080BB000023FB63D1E2D7E923
:1082A0000023A2F580510B4340F09C80934B1B6D43
:1082B00003F4E043BB63BB6BB3F5804F54D0BB6B9F
:1082C000B3F5804F00F28B80BB6BB3F5405F00F0DD
:1082D0008380BB6BB3F5405F00F28180BB6BB3F56D
:1082E000005F2FD0BB6BB3F5005F78D8BB6B002B62
:1082F00004D0BB6BB3F5805F12D070E07F4B1B687E
:1083000003F00073B3F1007F07D107F1240318468F
:1083100000F05EFDBB6AFB6393E20023FB6390E227
:10832000764B1B6803F00063B3F1006F07D107F1D0
:108330001803184600F0A4FABB69FB6381E200232E
:10834000FB637EE26D4B1B6803F00053B3F1005FEB
:1083500007D107F10C03184600F0E6FBFB68FB634E
:108360006FE20023FB636CE2644BDB6C03F0405371
:108370007B63624B1B6803F00403042B0CD17B6B03
:10838000002B09D15D4B1B68DB0803F003035C4A3B
:1083900022FA03F3FB631EE0584B1B6803F480735F
:1083A000B3F5807F06D17B6BB3F1805F02D1554B73
:1083B000FB6310E0514B1B6803F40033B3F5003F3F
:1083C00006D17B6BB3F1005F02D14F4BFB6302E040
:1083D0000023FB6335E234E24C4BFB6331E20023C4
:1083E000FB632EE2D7E90023A2F500510B4340F0D6
:1083F0008F80424B1B6D03F4E023BB63BB6BB3F573
:10840000A02F6BD0BB6BB3F5A02F74D8BB6BB3F5AB
:10841000802F56D0BB6BB3F5802F6CD8BB6BB3F5F8
:10842000403F3BD0BB6BB3F5403F64D8BB6BB3F56B
:10843000003F21D0BB6BB3F5003F5CD8BB6B002B7A
:1084400004D0BB6BB3F5803F04D054E0FEF74CFA88
:10845000F863F6E1294B1B6803F00063B3F1006F8A
:1084600007D107F11803184600F00AFAFB69FB630D
:10847000E7E10023FB63E4E1204B1B6803F00053BA
:10848000B3F1005F07D107F10C03184600F04CFB75
:108490003B69FB63D5E10023FB63D2E1174B1B680B
:1084A00003F00403042B09D1144B1B68DB0803F011
:1084B0000303134A22FA03F3FB63C2E10023FB63C5
:1084C000BFE10E4B1B6803F48073B3F5807F02D1CC
:1084D0000C4BFB63B5E10023FB63B2E1074B1B6868
:1084E00003F40033B3F5003F02D1074BFB63A8E16F
:1084F0000023FB63A5E10023FB63A2E100440258D3
:108500000090D00300093D0000127A000080BB00FB
:10851000D7E90023A2F500210B4373D19C4B9B6D3F
:1085200003F44033BB63BB6BB3F5003F2FD0BB6B91
:10853000B3F5003F63D8BB6B002B04D0BB6BB3F526
:10854000803F12D05BE0924B1B6803F00063B3F1F5
:10855000006F07D107F11803184600F091F9BB69C5
:10856000FB636EE10023FB636BE1894B1B6803F047
:108570000053B3F1005F07D107F10C03184600F078
:10858000D3FA7B69FB635CE10023FB6359E1804B19
:10859000DB6C03F040537B637D4B1B6803F00403EB
:1085A000042B0CD17B6B002B09D1794B1B68DB08AA
:1085B00003F00303774A22FA03F3FB631EE0744BD4
:1085C0001B6803F48073B3F5807F06D17B6BB3F136
:1085D000805F02D1704BFB6310E06D4B1B6803F4AE
:1085E0000033B3F5003F06D17B6BB3F1005F02D1DE
:1085F0006A4BFB6302E00023FB6322E121E10023DD
:10860000FB631EE1D7E90023A2F580310B4333D190
:108610005F4BDB6C03F48033BB63BB6B002B04D07C
:10862000BB6BB3F5803F12D023E0594B1B6803F0BE
:108630000073B3F1007F07D107F12403184600F05F
:10864000C7FBBB6AFB63FCE00023FB63F9E0504B14
:108650001B6803F00063B3F1006F07D107F1180343
:10866000184600F00DF93B6AFB63EAE00023FB6368
:10867000E7E00023FB63E4E0D7E90023A2F58041B3
:108680000B4340F08D80424B9B6D03F0E043BB6396
:10869000BB6BB3F1A04F6BD0BB6BB3F1A04F74D8E1
:1086A000BB6BB3F1804F56D0BB6BB3F1804F6CD82E
:1086B000BB6BB3F1405F3BD0BB6BB3F1405F64D8A1
:1086C000BB6BB3F1005F21D0BB6BB3F1005F5CD833
:1086D000BB6B002B04D0BB6BB3F1805F04D054E0C4
:1086E00000F0B8F8F863ACE0294B1B6803F00063B6
:1086F000B3F1006F07D107F11803184600F0C0F876
:10870000FB69FB639DE00023FB639AE0204B1B6841
:1087100003F00053B3F1005F07D107F10C031846D3
:1087200000F002FA3B69FB638BE00023FB6388E007
:10873000174B1B6803F00403042B09D1144B1B686F
:10874000DB0803F00303134A22FA03F3FB6378E028
:108750000023FB6375E00E4B1B6803F48073B3F5D5
:10876000807F02D10C4BFB636BE00023FB6368E06E
:10877000074B1B6803F40033B3F5003F02D1074BEE
:10878000FB635EE00023FB635BE00023FB6358E0D8
:10879000004402580090D00300093D0000127A0006
:1087A000D7E90023A2F500410B4348D1274B1B6DAD
:1087B00003F04053BB63BB6BB3F1005F2AD0BB6BCC
:1087C000B3F1005F38D8BB6B002B04D0BB6BB3F1A7
:1087D000805F0DD030E01D4B1B6803F40033B3F510
:1087E000003F02D11A4BFB632BE00023FB6328E020
:1087F000164B1B6803F00073B3F1007F07D107F13C
:108800002403184600F0E4FABB6AFB6319E0002376
:10881000FB6316E00D4B1B6803F00063B3F1006FC0
:1088200007D107F11803184600F02AF8FB69FB632B
:1088300007E00023FB6304E00023FB6301E0002367
:10884000FB63FB6B18464037BD4680BD00440258B1
:1088500000127A0080B500AFFEF716F80246064B0C
:108860001B6A1B0903F007030449CB5C03F01F03D9
:1088700022FA03F3184680BD004402585409010847
:1088800080B489B000AF7860A14B9B6A03F003030A
:10889000BB619F4B9B6A1B0B03F03F037B619C4BAF
:1088A000DB6A1B0903F001033B61994BDB6BDB08BF
:1088B000C3F30C033A6902FB03F307EE903AF8EEB8
:1088C000677AC7ED037A7B69002B00F01181BB69E1
:1088D000022B00F08380BB69022B00F2A180BB69F0
:1088E000002B03D0BB69012B56D099E0884B1B6845
:1088F00003F02003002B2DD0854B1B68DB0803F011
:108900000303844A22FA03F3BB60BB6807EE903A84
:10891000F8EE676A7B6907EE903AF8EE677A86EEC2
:10892000A77A7B4B9B6BC3F3080307EE903AF8EEF4
:10893000676A97ED036ADFED785AC6EE257A76EE20
:10894000A77AF7EE006A77EEA67A67EE277AC7ED88
:10895000077A87E07B6907EE903AF8EE677ADFEDF9
:108960006F6A86EEA77A6A4B9B6BC3F3080307EE28
:10897000903AF8EE676A97ED036ADFED675AC6EE44
:10898000257A76EEA77AF7EE006A77EEA67A67EE9A
:10899000277AC7ED077A65E07B6907EE903AF8EE33
:1089A000677ADFED5F6A86EEA77A594B9B6BC3F35C
:1089B000080307EE903AF8EE676A97ED036ADFED79
:1089C000565AC6EE257A76EEA77AF7EE006A77EE6B
:1089D000A67A67EE277AC7ED077A43E07B6907EE50
:1089E000903AF8EE677ADFED4F6A86EEA77A484B49
:1089F0009B6BC3F3080307EE903AF8EE676A97EDB6
:108A0000036ADFED455AC6EE257A76EEA77AF7EED1
:108A1000006A77EEA67A67EE277AC7ED077A21E03B
:108A20007B6907EE903AF8EE677ADFED3D6A86EEF5
:108A3000A77A374B9B6BC3F3080307EE903AF8EE27
:108A4000676A97ED036ADFED345AC6EE257A76EE53
:108A5000A77AF7EE006A77EEA67A67EE277AC7ED77
:108A6000077A00BF2A4B9B6B5B0A03F07F0307EE7C
:108A7000903AF8EE677AB7EE007A37EE877AD7ED5C
:108A8000076AC6EE877AFCEEE77A17EE902A7B68D3
:108A90001A601F4B9B6B1B0C03F07F0307EE903A91
:108AA000F8EE677AB7EE007A37EE877AD7ED076A85
:108AB000C6EE877AFCEEE77A17EE902A7B685A605A
:108AC000134B9B6B1B0E03F07F0307EE903AF8EEFF
:108AD000677AB7EE007A37EE877AD7ED076AC6EE87
:108AE000877AFCEEE77A17EE902A7B689A6008E0B6
:108AF0007B6800221A607B6800225A607B68002233
:108B00009A6000BF2437BD465DF8047B704700BF04
:108B1000004402580090D003000000460024744C2A
:108B20000024744A0024F44A80B489B000AF78600D
:108B3000A14B9B6A03F00303BB619F4B9B6A1B0D18
:108B400003F03F037B619C4BDB6A1B0A03F00103CC
:108B50003B61994B5B6CDB08C3F30C033A6902FB86
:108B600003F307EE903AF8EE677AC7ED037A7B6974
:108B7000002B00F01181BB69022B00F08380BB69E0
:108B8000022B00F2A180BB69002B03D0BB69012B33
:108B900056D099E0884B1B6803F02003002B2DD0A2
:108BA000854B1B68DB0803F00303844A22FA03F3B6
:108BB000BB60BB6807EE903AF8EE676A7B6907EE28
:108BC000903AF8EE677A86EEA77A7B4B1B6CC3F37C
:108BD000080307EE903AF8EE676A97ED036ADFED57
:108BE000785AC6EE257A76EEA77AF7EE006A77EE27
:108BF000A67A67EE277AC7ED077A87E07B6907EEEA
:108C0000903AF8EE677ADFED6F6A86EEA77A6A4BE4
:108C10001B6CC3F3080307EE903AF8EE676A97ED12
:108C2000036ADFED675AC6EE257A76EEA77AF7EE8D
:108C3000006A77EEA67A67EE277AC7ED077A65E0D5
:108C40007B6907EE903AF8EE677ADFED5F6A86EEB1
:108C5000A77A594B1B6CC3F3080307EE903AF8EE62
:108C6000676A97ED036ADFED565AC6EE257A76EE0F
:108C7000A77AF7EE006A77EEA67A67EE277AC7ED55
:108C8000077A43E07B6907EE903AF8EE677ADFED0A
:108C90004F6A86EEA77A484B1B6CC3F3080307EEB6
:108CA000903AF8EE676A97ED036ADFED455AC6EE33
:108CB000257A76EEA77AF7EE006A77EEA67A67EE67
:108CC000277AC7ED077A21E07B6907EE903AF8EE44
:108CD000677ADFED3D6A86EEA77A374B1B6CC3F3EC
:108CE000080307EE903AF8EE676A97ED036ADFED46
:108CF000345AC6EE257A76EEA77AF7EE006A77EE5A
:108D0000A67A67EE277AC7ED077A00BF2A4B1B6C5D
:108D10005B0A03F07F0307EE903AF8EE677AB7EE4E
:108D2000007A37EE877AD7ED076AC6EE877AFCEECF
:108D3000E77A17EE902A7B681A601F4B1B6C1B0C9E
:108D400003F07F0307EE903AF8EE677AB7EE007A09
:108D500037EE877AD7ED076AC6EE877AFCEEE77AB8
:108D600017EE902A7B685A60134B1B6C1B0E03F0A6
:108D70007F0307EE903AF8EE677AB7EE007A37EEA7
:108D8000877AD7ED076AC6EE877AFCEEE77A17EEA8
:108D9000902A7B689A6008E07B6800221A607B68F2
:108DA00000225A607B6800229A6000BF2437BD46CB
:108DB0005DF8047B704700BF004402580090D00368
:108DC000000000460024744C0024744A0024F44A35
:108DD00080B489B000AF7860A04B9B6A03F00303B6
:108DE000BB619E4B9B6A1B0903F03F037B619B4B5E
:108DF000DB6A03F001033B61984B5B6BDB08C3F359
:108E00000C033A6902FB03F307EE903AF8EE677A37
:108E1000C7ED037A7B69002B00F01181BB69022B3F
:108E200000F08380BB69022B00F2A180BB69002B9C
:108E300003D0BB69012B56D099E0884B1B6803F027
:108E40002003002B2DD0854B1B68DB0803F00303A8
:108E5000834A22FA03F3BB60BB6807EE903AF8EE50
:108E6000676A7B6907EE903AF8EE677A86EEA77A32
:108E70007A4B1B6BC3F3080307EE903AF8EE676A70
:108E800097ED036ADFED775AC6EE257A76EEA77A7C
:108E9000F7EE006A77EEA67A67EE277AC7ED077AD3
:108EA00087E07B6907EE903AF8EE677ADFED6E6A4D
:108EB00086EEA77A694B1B6BC3F3080307EE903A63
:108EC000F8EE676A97ED036ADFED665AC6EE257A1B
:108ED00076EEA77AF7EE006A77EEA67A67EE277A43
:108EE000C7ED077A65E07B6907EE903AF8EE677A9E
:108EF000DFED5E6A86EEA77A584B1B6BC3F308035F
:108F000007EE903AF8EE676A97ED036ADFED555A7F
:108F1000C6EE257A76EEA77AF7EE006A77EEA67AA5
:108F200067EE277AC7ED077A43E07B6907EE903A50
:108F3000F8EE677ADFED4E6A86EEA77A474B1B6B39
:108F4000C3F3080307EE903AF8EE676A97ED036AF9
:108F5000DFED445AC6EE257A76EEA77AF7EE006A80
:108F600077EEA67A67EE277AC7ED077A21E07B696C
:108F700007EE903AF8EE677ADFED3B6A86EEA77A65
:108F8000364B1B6BC3F3080307EE903AF8EE676AA3
:108F900097ED036ADFED335AC6EE257A76EEA77AAF
:108FA000F7EE006A77EEA67A67EE277AC7ED077AC2
:108FB00000BF2A4B1B6B5B0A03F07F0307EE903A5E
:108FC000F8EE677AB7EE007A37EE877AD7ED076A60
:108FD000C6EE877AFCEEE77A17EE902A7B681A6075
:108FE0001E4B1B6B1B0C03F07F0307EE903AF8EE51
:108FF000677AB7EE007A37EE877AD7ED076AC6EE62
:10900000877AFCEEE77A17EE902A7B685A60134B5A
:109010001B6B1B0E03F07F0307EE903AF8EE677AA6
:10902000B7EE007A37EE877AD7ED076AC6EE877A11
:10903000FCEEE77A17EE902A7B689A6008E07B687E
:1090400000221A607B6800225A607B6800229A60C6
:1090500000BF2437BD465DF8047B704700440258CA
:109060000090D003000000460024744C0024744A91
:109070000024F44A80B584B000AF786039600023E2
:10908000FB73534B9B6A03F00303032B01D10123B2
:1090900099E04F4B1B684E4A23F080631360FAF748
:1090A0006DFDB86008E0FAF769FD0246BB68D31AA7
:1090B000022B01D9032386E0454B1B6803F00063B4
:1090C000002BF0D1424B9B6A23F47C327B681B68F7
:1090D0001B033F4913438B627B685B68013BC3F30F
:1090E00008027B689B68013B5B029BB21A437B686A
:1090F000DB68013B1B0403F4FE031A437B681B6916
:10910000013B1B0603F0FE43314913438B63304B95
:10911000DB6A23F0C0027B685B692D491343CB6295
:109120002B4BDB6A23F020027B689B6928491343A1
:10913000CB62274BDB6A264A23F01003D362244B11
:10914000DA6B244B13407A68D269D200204913436A
:10915000CB631F4BDB6A1E4A43F01003D3623B68AC
:10916000002B06D11A4BDB6A194A43F40023D36261
:109170000FE03B68012B06D1154BDB6A144A43F420
:109180008013D36205E0124BDB6A114A43F40013EB
:10919000D3620F4B1B680E4A43F080631360FAF7EB
:1091A000EDFCB86008E0FAF7E9FC0246BB68D31AA8
:1091B000022B01D9032306E0054B1B6803F0006373
:1091C000002BF0D0FB7B18461037BD4680BD00BF9A
:1091D000004402580700FFFF80B584B000AF7860FC
:1091E00039600023FB73534B9B6A03F00303032B8B
:1091F00001D1012399E04F4B1B684E4A23F0805365
:109200001360FAF7BBFCB86008E0FAF7B7FC024657
:10921000BB68D31A022B01D9032386E0454B1B6898
:1092200003F00053002BF0D1424B9B6A23F07C7279
:109230007B681B681B053F4913438B627B685B6837
:10924000013BC3F308027B689B68013B5B029BB256
:109250001A437B68DB68013B1B0403F4FE031A43DB
:109260007B681B69013B1B0603F0FE433149134336
:109270000B64304BDB6A23F440627B685B692D49E9
:109280001343CB622B4BDB6A23F400727B689B6930
:1092900028491343CB62274BDB6A264A23F48073A9
:1092A000D362244B5A6C244B13407A68D269D200A3
:1092B000204913434B641F4BDB6A1E4A43F48073FF
:1092C000D3623B68002B06D11A4BDB6A194A43F480
:1092D0008003D3620FE03B68012B06D1154BDB6A9C
:1092E000144A43F40003D36205E0124BDB6A114ACF
:1092F00043F08073D3620F4B1B680E4A43F08053D8
:109300001360FAF73BFCB86008E0FAF737FC024656
:10931000BB68D31A022B01D9032306E0054B1B6857
:1093200003F00053002BF0D0FB7B18461037BD46EE
:1093300080BD00BF004402580700FFFF80B584B025
:1093400000AF78607B68002B01D101230FE17B68BF
:1093500000229A627B681B68874A93420FD07B6821
:109360001B68864A93420AD07B681B68844A9342F2
:1093700005D07B68DB680F2B01D90123F7E0786803
:1093800000F0BCFBF8607B681B687B4A93420CD002
:109390007B681B68794A934207D07B681B68784AD0
:1093A000934202D0FB68082B11D87B681B68724A75
:1093B000934209D07B681B68704A934204D07B6853
:1093C0001B686F4A934204D1FB68102B01D901231B
:1093D000CDE07B6893F88130DBB2002B06D17B684F
:1093E000002283F880207868F9F762FF7B68022208
:1093F00083F881207B681B681A687B681B6822F0F1
:1094000001021A607B681B689B6803F4F813BB6059
:109410007B689B69B3F1806F19D17B685B68B3F59A
:10942000800F03D17B689B6B002B08D07B685B6847
:10943000002B0CD17B689B6BB3F1805F07D17B68FD
:109440001B681A687B681B6842F480521A607B684C
:109450005B6803F48003002B0FD07B68DB68062B6E
:109460000BD97B681B681B6823F480717B681A6DBD
:109470007B681B680A431A6007E07B681B681A68F0
:109480007B681B6822F480721A607B68DA697B68EB
:109490009B6A1A43BB681A437B68DB6B42EA030191
:1094A0007B68DA687B681B680A439A607B685A6B42
:1094B0007B685B6A1A437B689B6B1A437B689B697A
:1094C0001A437B681B691A437B685B691A437B6894
:1094D0001B6A1A437B685B681A437B68DB6C1A4320
:1094E0007B689B681A437B689B6C42EA03017B683C
:1094F0009A6D7B681B680A43DA607B685B68002BA7
:1095000013D17B681B689B6823F4C0527B681B687F
:1095100042F400629A607B681B689B6823F4C06217
:109520007B681B6842F480629A607B681B681A6DD6
:109530007B681B6822F001021A657B685B6803F494
:109540008003002B0AD07B681B68DB6823F0004196
:109550007B685A6D7B681B680A43DA607B6800226F
:10956000C3F884207B68012283F8812000231846F9
:109570001037BD4680BD00BF0030014000380040BC
:10958000003C004080B588B002AFF860B9603B6035
:109590001346FB80FB681B6820337B61FAF7EEFA09
:1095A0003861FB6893F88130DBB2012B01D00223D4
:1095B000D1E1BB68002B02D0FB88002B01D1012335
:1095C000C9E1FB6893F88030012B01D10223C2E18D
:1095D000FB68012283F88020FB68032283F8812046
:1095E000FB680022C3F88420FB68BA68DA65FB6870
:1095F000FA88A3F86020FB68FA88A3F86220FB6869
:1096000000225A66FB680022A3F86820FB6800224B
:10961000A3F86A20FB6800225A67FB6800221A67D9
:10962000FB689B68B3F5C02F08D1FB681B681A68FC
:10963000FB681B6842F400621A6009E0FB681B6863
:10964000DB6823F4C022FB681B6842F40032DA6056
:10965000FB681B685A68964B1340F988FA681268D1
:109660000B435360FB681B681A68FB681B6842F079
:1096700001021A60FB685B68B3F5800F07D1FB68D5
:109680001B681A68FB681B6842F400721A60FB686A
:10969000DB680F2B47D93FE0FB681B685B6903F071
:1096A0000203022B14D1FB68DA6DFB681B68126899
:1096B0001A62FB68DB6D1A1DFB68DA65FB68B3F89C
:1096C00062309BB2013B9AB2FB68A3F8622023E0B0
:1096D000FAF754FA02463B69D31A3A689A4203D819
:1096E0003B68B3F1FF3F02D13B68002B14D1F8680F
:1096F00000F036F9FB68D3F8843043F48072FB68DD
:10970000C3F88420FB68012283F88120FB680022D3
:1097100083F8802003231EE1FB68B3F862309BB21C
:10972000002BB9D1F1E0FB68DB68072B40F2E68043
:109730005DE0FB681B685B6903F00203022B32D11A
:10974000FB68B3F862309BB2012B18D9FB68DB6B66
:10975000002B14D0FB68DA6DFB681B6812681A6274
:10976000FB68DB6D1A1DFB68DA65FB68B3F86230D5
:109770009BB2023B9AB2FB68A3F8622037E0FB6819
:10978000DB6D1A887B691A80FB68DB6D9A1CFB68AD
:10979000DA65FB68B3F862309BB2013B9AB2FB68B2
:1097A000A3F8622023E0FAF7E9F902463B69D31AED
:1097B0003A689A4203D83B68B3F1FF3F02D13B6855
:1097C000002B14D1F86800F0CBF8FB68D3F8843094
:1097D00043F48072FB68C3F88420FB68012283F89D
:1097E0008120FB68002283F880200323B3E0FB681C
:1097F000B3F862309BB2002B9BD186E0FB681B68FC
:109800005B6903F00203022B54D1FB68B3F86230AA
:109810009BB2032B18D9FB68DB6B402B14D9FB6878
:10982000DA6DFB681B6812681A62FB68DB6D1A1D33
:10983000FB68DA65FB68B3F862309BB2043B9AB20E
:10984000FB68A3F8622059E0FB68B3F862309BB272
:10985000012B17D9FB68DB6B002B13D0FB68DB6D8A
:109860001A887B691A80FB68DB6D9A1CFB68DA65D5
:10987000FB68B3F862309BB2023B9AB2FB68A3F874
:1098800062203BE0FB68DA6DFB681B6820331278CE
:109890001A70FB68DB6D5A1CFB68DA65FB68B3F86D
:1098A00062309BB2013B9AB2FB68A3F8622025E0CC
:1098B0000000FFFFFAF762F902463B69D31A3A68E3
:1098C0009A4203D83B68B3F1FF3F02D13B68002BBB
:1098D00014D1F86800F044F8FB68D3F8843043F4FE
:1098E0008072FB68C3F88420FB68012283F8812022
:1098F000FB68002283F8802003232CE0FB68B3F888
:1099000062309BB2002B7FF479AF3B6900933B68D8
:1099100000220821F86800F0C3F80346002B07D0A6
:10992000FB68D3F8843043F02002FB68C3F884203E
:10993000F86800F015F8FB68012283F88120FB68C5
:10994000002283F88020FB68D3F88430002B01D0FC
:10995000012300E0002318461837BD4680BD00BF34
:1099600080B485B000AF78607B681B685B69FB6082
:109970007B681B689A697B681B6842F008029A61E1
:109980007B681B689A697B681B6842F010029A61C9
:109990007B681B681A687B681B6822F001021A60EA
:1099A0007B681B6819697B681A683C4B0B40136124
:1099B0007B681B689A687B681B6822F440429A6047
:1099C0007B6893F88130DBB2042B14D0FB6803F082
:1099D0002003002B0FD07B68D3F8843043F0800243
:1099E0007B68C3F884207B681B689A697B681B6866
:1099F00042F020029A617B6893F88130DBB2032B3E
:109A000014D0FB6803F04003002B0FD07B68D3F821
:109A1000843043F004027B68C3F884207B681B68B1
:109A20009A697B681B6842F040029A61FB6803F404
:109A30000073002B0FD07B68D3F8843043F0010211
:109A40007B68C3F884207B681B689A697B681B6805
:109A500042F400729A61FB6803F48073002B0FD00C
:109A60007B68D3F8843043F008027B68C3F8842015
:109A70007B681B689A697B681B6842F480729A61F4
:109A80007B680022A3F862207B680022A3F86A208A
:109A900000BF1437BD465DF8047B704790FCFFFFA4
:109AA00080B584B000AFF860B9603B601346FB71CD
:109AB00010E0FAF763F80246BB69D31A3A689A4293
:109AC00003D83B68B3F1FF3F02D13B68002B01D1C3
:109AD00003230FE0FB681B685A69BB681340BA6830
:109AE0009A420CBF01230023DBB21A46FB799A424B
:109AF000DFD0002318461037BD4680BD80B485B046
:109B000000AF78607B68DB6B5B090133FB607B68CF
:109B1000DB680133BB60BB680733DB08BB60BB6835
:109B2000FA6802FB03F318461437BD465DF8047B60
:109B3000704780B582B000AF78607B68002B01D1A0
:109B4000012342E07B68D3F88830002B06D17B6884
:109B5000002283F884207868F9F762FC7B6824226D
:109B6000C3F888207B681B681A687B681B6822F032
:109B700001021A607B689B6A002B02D0786800F0B3
:109B8000E7FE786800F07CF90346012B01D1012340
:109B90001BE07B681B685A687B681B6822F4904254
:109BA0005A607B681B689A687B681B6822F02A02EF
:109BB0009A607B681B681A687B681B6842F0010228
:109BC0001A60786800F066FF034618460837BD46FD
:109BD00080BD80B58AB002AFF860B9603B601346C3
:109BE000FB80FB68D3F88830202B7BD1BB68002B2F
:109BF00002D0FB88002B01D1012374E0FB68002216
:109C0000C3F89020FB682122C3F88820F9F7B6FF3B
:109C10007861FB68FA88A3F85420FB68FA88A3F8F7
:109C20005620FB689B68B3F5805F08D1FB681B6911
:109C3000002B04D10023FB61BB68BB6103E0BB6860
:109C4000FB610023BB6130E03B6800937B6900222D
:109C50008021F86800F0C8FF0346002B05D0FB68A0
:109C60002022C3F8882003233DE0FB69002B0BD1A1
:109C7000BB691B881A46FB681B68C2F308029A621C
:109C8000BB690233BB6107E0FB691A78FB681B689C
:109C90009A62FB690133FB61FB68B3F856309BB2F3
:109CA000013B9AB2FB68A3F85620FB68B3F8563024
:109CB0009BB2002BC8D13B6800937B6900224021F6
:109CC000F86800F091FF0346002B05D0FB682022C6
:109CD000C3F88820032306E0FB682022C3F888200D
:109CE000002300E0022318462037BD4680BD80B522
:109CF0008AB002AFF860B9603B601346FB80FB6836
:109D0000D3F88C30202B40F0B580BB68002B02D0FC
:109D1000FB88002B01D10123ADE0FB680022C3F8D2
:109D20009020FB682222C3F88C20FB680022DA66B0
:109D3000F9F724FF7861FB68FA88A3F85C20FB68D8
:109D4000FA88A3F85E20FB689B68B3F5805F0ED1AC
:109D5000FB681B69002B05D1FB6840F2FF12A3F8DA
:109D600060202DE0FB68FF22A3F8602028E0FB685C
:109D70009B68002B0DD1FB681B69002B04D1FB688D
:109D8000FF22A3F860201BE0FB687F22A3F860207D
:109D900016E0FB689B68B3F1805F0DD1FB681B691F
:109DA000002B04D1FB687F22A3F8602008E0FB6849
:109DB0003F22A3F8602003E0FB680022A3F86020A4
:109DC000FB68B3F860307B82FB689B68B3F5805F0B
:109DD00008D1FB681B69002B04D10023FB61BB6821
:109DE000BB6103E0BB68FB610023BB6136E03B68FD
:109DF00000937B6900222021F86800F0F5FE0346FD
:109E0000002B05D0FB682022C3F88C20032332E00E
:109E1000FB69002B0CD1FB681B685B6A9AB27B8ADA
:109E200013409AB2BB691A80BB690233BB610CE074
:109E3000FB681B685B6ADAB27B8ADBB21340DAB27A
:109E4000FB691A70FB690133FB61FB68B3F85E3094
:109E50009BB2013B9AB2FB68A3F85E20FB68B3F8A3
:109E60005E309BB2002BC2D1FB682022C3F88C204D
:109E7000002300E0022318462037BD4680BD0000C5
:109E80002DE9B04F92B000AF7861002387F84230DF
:109E90007B699A687B691B691A437B695B691A4312
:109EA0007B69DB6913437B647B691B681A68BE4B63
:109EB00013407A691268796C0B4313607B691B68E5
:109EC0005B6823F440517B69DA687B691B680A434D
:109ED0005A607B699B697B647B691B68B34A9342C8
:109EE00004D07B691B6A7A6C13437B647B691B68B3
:109EF0009A68AF4B13407A691268796C0B43936090
:109F00007B691B68DB6A23F00F017B695A6A7B69F6
:109F10001B680A43DA627B691B68A64A934277D1C1
:109F2000A54B5B6D03F03803282B6DD801A252F8C6
:109F300023F000BFD99F000809A0000809A000086D
:109F400009A0000809A0000809A0000809A000084D
:109F500009A00008E19F000809A0000809A0000866
:109F600009A0000809A0000809A0000809A000082D
:109F700009A00008E99F000809A0000809A000083E
:109F800009A0000809A0000809A0000809A000080D
:109F900009A00008F19F000809A0000809A0000816
:109FA00009A0000809A0000809A0000809A00008ED
:109FB00009A00008F99F000809A0000809A00008EE
:109FC00009A0000809A0000809A0000809A00008CD
:109FD00009A0000801A00008012387F8433022E20D
:109FE000042387F843301EE2082387F843301AE23F
:109FF000102387F8433016E2202387F8433012E21B
:10A00000402387F843300EE2802387F843300AE28A
:10A010007B691B68694A934230D1674B5B6D03F0E3
:10A020000703052B26D801A252F823F045A000080B
:10A030004DA0000855A000085DA0000865A000081C
:10A040006DA00008002387F84330ECE1042387F873
:10A050004330E8E1082387F84330E4E1102387F830
:10A060004330E0E1202387F84330DCE1402387F8E8
:10A070004330D8E1802387F84330D4E17B691B6803
:10A080004F4A934230D14C4B5B6D03F00703052BD5
:10A0900026D801A252F823F0B1A00008B9A0000808
:10A0A000C1A00008C9A00008D1A00008D9A00008DC
:10A0B000002387F84330B6E1042387F84330B2E148
:10A0C000082387F84330AEE1102387F84330AAE134
:10A0D000202387F84330A6E1402387F84330A2E1EC
:10A0E000802387F843309EE17B691B68354A9342A1
:10A0F00030D1314B5B6D03F00703052B26D801A24D
:10A1000052F823F01DA1000825A100082DA1000888
:10A1100035A100083DA1000845A10008002387F8EB
:10A12000433080E1042387F843307CE1082387F83B
:10A13000433078E1102387F8433074E1202387F817
:10A14000433070E1402387F843306CE1802387F887
:10A15000433068E17B691B681B4A934242D1164B2E
:10A160005B6D03F00703052B38D801A252F823F0EA
:10A1700089A1000891A1000899A10008A1A10008E7
:10A18000CDA10008D5A10008002387F843304AE19B
:10A19000042387F8433046E1082387F8433042E13F
:10A1A000102387F843303EE1F369FFCF000C0058DD
:10A1B000FFF4FF1100100140004402580044004029
:10A1C00000480040004C004000500040202387F829
:10A1D000433028E1402387F8433024E1802387F887
:10A1E000433020E17B691B68CB4A934276D1CB4B4D
:10A1F0005B6D03F03803282B6CD801A252F823F0D2
:10A20000A5A20008D5A20008D5A20008D5A2000882
:10A21000D5A20008D5A20008D5A20008D5A2000842
:10A22000ADA20008D5A20008D5A20008D5A200085A
:10A23000D5A20008D5A20008D5A20008D5A2000822
:10A24000B5A20008D5A20008D5A20008D5A2000832
:10A25000D5A20008D5A20008D5A20008D5A2000802
:10A26000BDA20008D5A20008D5A20008D5A200080A
:10A27000D5A20008D5A20008D5A20008D5A20008E2
:10A28000C5A20008D5A20008D5A20008D5A20008E2
:10A29000D5A20008D5A20008D5A20008D5A20008C2
:10A2A000CDA20008012387F84330BCE0042387F8DF
:10A2B0004330B8E0082387F84330B4E0102387F830
:10A2C0004330B0E0202387F84330ACE0402387F8E8
:10A2D0004330A8E0802387F84330A4E07B691B6803
:10A2E0008F4A934230D18D4B5B6D03F00703052BF2
:10A2F00026D801A252F823F011A3000819A30008E0
:10A3000021A3000829A3000831A3000839A30008ED
:10A31000002387F8433086E0042387F8433082E047
:10A32000082387F843307EE0102387F843307AE033
:10A33000202387F8433076E0402387F8433072E0EB
:10A34000802387F843306EE07B691B68754A93422F
:10A3500030D1724B5B6D03F00703052B26D801A2A9
:10A3600052F823F07DA3000885A300088DA3000800
:10A3700095A300089DA30008A5A30008002387F863
:10A38000433050E0042387F843304CE0082387F83B
:10A39000433048E0102387F8433044E0202387F817
:10A3A000433040E0402387F843303CE0802387F887
:10A3B000433038E07B691B685B4A934230D1574B8E
:10A3C0009B6D03F00703052B26D801A252F823F05A
:10A3D000E9A30008F1A30008F9A3000801A40008FC
:10A3E00009A4000811A40008022387F843301AE0EA
:10A3F000042387F8433016E0082387F8433012E03F
:10A40000102387F843300EE0202387F843300AE01A
:10A41000402387F8433006E0802387F8433002E08A
:10A42000802387F843307B691B683F4A934240F0A2
:10A43000F88097F84330202B46DC022BC0F2828054
:10A44000023B1E2B7ED801A252F823F0CFA40008B5
:10A4500045A50008D7A4000845A5000845A50008A3
:10A4600045A50008E7A4000845A5000845A5000883
:10A4700045A5000845A5000845A5000845A5000814
:10A4800045A50008F7A4000845A5000845A5000853
:10A4900045A5000845A5000845A5000845A50008F4
:10A4A00045A5000845A5000845A5000845A50008E4
:10A4B00045A5000845A5000845A5000845A50008D4
:10A4C00045A5000837A50008402B37D03AE0FEF735
:10A4D000C1F9F8633CE007F124031846FEF7D0F910
:10A4E000BB6AFB6334E007F118031846FEF71CFB58
:10A4F000FB69FB632CE0094B1B6803F02003002B76
:10A5000016D0064B1B68DB0803F00303074A22FA48
:10A5100003F3FB631CE000BF001401400044025839
:10A5200000780040007C0040000C00580090D003F0
:10A530009D4BFB630CE09D4BFB6309E04FF4004334
:10A54000FB6305E00023FB63012387F8423000BF73
:10A55000FB6B002B00F0DE817B695B6A944A32F86A
:10A5600013301A46FB6BB3FBF2F33B637B695A680B
:10A5700013465B0013443A6B9A4205D37B695B68D0
:10A580001B033A6B9A4203D9012387F84230C1E199
:10A59000FB6B0022BB60FA607B695B6A844A32F81D
:10A5A00013309BB200223B607A60D7E90023D7E9E1
:10A5B0000201F5F7FDFE02460B46104619464FF024
:10A5C00000024FF000030B0243EA106302027969B4
:10A5D0004968490800200C46054612EB040843EB85
:10A5E00005097B695B6800229A46934652465B46A2
:10A5F00040464946F5F7DCFE02460B461346BB6370
:10A60000BB6BB3F5407F08D3BB6BB3F5801F04D29F
:10A610007B691B68BA6BDA607CE1012387F8423002
:10A6200078E17B69DB69B3F5004F40F0C58097F8AE
:10A630004330202B48DC002B7BDB202B79D801A278
:10A6400052F823F0CFA60008D7A6000833A70008C9
:10A6500033A70008DFA6000833A7000833A70008C7
:10A6600033A70008EFA6000833A7000833A70008A7
:10A6700033A7000833A7000833A7000833A7000852
:10A6800033A70008FFA6000833A7000833A7000877
:10A6900033A7000833A7000833A7000833A7000832
:10A6A00033A7000833A7000833A7000833A7000822
:10A6B00033A7000833A7000833A7000833A7000812
:10A6C00033A7000825A70008402B2ED031E0FCF767
:10A6D0000BF9F86333E0FCF71DF9F8632FE007F19D
:10A6E00024031846FEF7CCF8BB6AFB6327E007F1AA
:10A6F00018031846FEF718FAFB69FB631FE02D4BA1
:10A700001B6803F02003002B09D02A4B1B68DB08D1
:10A7100003F00303244A22FA03F3FB630FE0224B06
:10A72000FB630CE0214BFB6309E04FF40043FB6348
:10A7300005E00023FB63012387F8423000BFFB6B79
:10A74000002B00F0E7807B695B6A194A32F813300E
:10A750001A46FB6BB3FBF2F35A007B695B685B083C
:10A760001A447B695B68B2FBF3F3BB63BB6B0F2BD3
:10A7700016D9BB6BB3F5803F12D2BB6B9BB223F0F3
:10A780000F03FB86BB6B5B089BB203F007039AB217
:10A79000FB8E1343FB867B691B68FA8EDA60B9E097
:10A7A000012387F84230B5E00090D00300093D0056
:10A7B000640901080044025897F84330202B49DC13
:10A7C000002B7CDB202B7AD801A252F823F000BFAB
:10A7D0005BA8000863A80008BFA80008BFA800087D
:10A7E0006BA80008BFA80008BFA80008BFA8000801
:10A7F0007BA80008BFA80008BFA80008BFA80008E1
:10A80000BFA80008BFA80008BFA80008BFA800088C
:10A810008BA80008BFA80008BFA80008BFA80008B0
:10A82000BFA80008BFA80008BFA80008BFA800086C
:10A83000BFA80008BFA80008BFA80008BFA800085C
:10A84000BFA80008BFA80008BFA80008BFA800084C
:10A85000B1A80008402B2ED031E0FCF745F8F86392
:10A8600033E0FCF757F8F8632FE007F124031846AC
:10A87000FEF706F8BB6AFB6327E007F118031846EA
:10A88000FEF752F9FB69FB631FE02D4B1B6803F0D9
:10A890002003002B09D02A4B1B68DB0803F00303BD
:10A8A000284A22FA03F3FB630FE0264BFB630CE01C
:10A8B000254BFB6309E04FF40043FB6305E00023F5
:10A8C000FB63012387F8423000BFFB6B002B21D0D4
:10A8D0007B695B6A1D4A32F813301A46FB6BB3FB87
:10A8E000F2F27B695B685B081A447B695B68B2FBC8
:10A8F000F3F3BB63BB6B0F2B09D9BB6BB3F5803F85
:10A9000005D2BB6B9AB27B691B68DA6002E0012357
:10A9100087F842307B690122A3F86A207B69012213
:10A92000A3F868207B6900225A677B6900229A6736
:10A9300097F8423018464837BD46BDE8B08F00BF93
:10A94000004402580090D00300093D00640901084A
:10A9500080B483B000AF78607B689B6A03F0080323
:10A96000002B0AD07B681B685B6823F400417B687E
:10A970009A6B7B681B680A435A607B689B6A03F08A
:10A980000103002B0AD07B681B685B6823F400314D
:10A990007B68DA6A7B681B680A435A607B689B6A3B
:10A9A00003F00203002B0AD07B681B685B6823F46A
:10A9B00080317B681A6B7B681B680A435A607B682E
:10A9C0009B6A03F00403002B0AD07B681B685B685A
:10A9D00023F480217B685A6B7B681B680A435A60AA
:10A9E0007B689B6A03F01003002B0AD07B681B680E
:10A9F0009B6823F480517B68DA6B7B681B680A4391
:10AA00009A607B689B6A03F02003002B0AD07B6866
:10AA10001B689B6823F400517B681A6C7B681B6879
:10AA20000A439A607B689B6A03F04003002B1AD0AC
:10AA30007B681B685B6823F480117B685A6C7B68B9
:10AA40001B680A435A607B685B6CB3F5801F0AD1B0
:10AA50007B681B685B6823F4C0017B689A6C7B6829
:10AA60001B680A435A607B689B6A03F08003002BD3
:10AA70000AD07B681B685B6823F400217B68DA6C72
:10AA80007B681B680A435A6000BF0C37BD465DF8FF
:10AA9000047B704780B598B002AF78607B68002275
:10AAA000C3F89020F9F76AF878657B681B681B6823
:10AAB00003F00803082B2FD16FF07E4300937B6DCA
:10AAC00000224FF40011786800F08EF80346002B46
:10AAD00022D07B681B68BB63BB6B53E8003F7B6382
:10AAE0007B6B23F080033B657B681B681A463B6DDC
:10AAF0007B643A64396C7A6C41E80023FB63FB6B3E
:10AB0000002BE6D17B682022C3F888207B680022D6
:10AB100083F88420032363E07B681B681B6803F0D1
:10AB20000403042B49D16FF07E4300937B6D002218
:10AB30004FF48001786800F057F80346002B3CD0B2
:10AB40007B681B687B627B6A53E8003F3B623B6A21
:10AB500023F49073FB647B681B681A46FB6C3B63B1
:10AB6000FA62F96A3A6B41E80023BB62BB6A002BC8
:10AB7000E6D17B681B6808333B613B6953E8003FC3
:10AB8000FB60FB6823F00103BB647B681B68083330
:10AB9000BA6CFA61BB61B969FA6941E800237B616B
:10ABA0007B69002BE5D17B682022C3F88C207B6871
:10ABB000002283F88420032312E07B682022C3F85C
:10ABC00088207B682022C3F88C207B680022DA660C
:10ABD0007B6800221A677B68002283F884200023A8
:10ABE00018465837BD4680BD80B584B000AFF860C8
:10ABF000B9603B601346FB714FE0BB69B3F1FF3FA7
:10AC00004BD0F8F7BBFF02463B68D31ABA699A42A9
:10AC100002D3BB69002B01D103234EE0FB681B6804
:10AC20001B6803F00403002B37D0BB68802B34D0A3
:10AC3000BB68402B31D0FB681B68DB6903F008035D
:10AC4000082B10D1FB681B6808221A62F86800F014
:10AC500039F8FB680822C3F89020FB68002283F8CB
:10AC60008420012329E0FB681B68DB6903F400638F
:10AC7000B3F5006F11D1FB681B684FF400621A62D4
:10AC8000F86800F01FF8FB682022C3F89020FB68EA
:10AC9000002283F8842003230FE0FB681B68DA6935
:10ACA000BB681340BA689A420CBF01230023DBB291
:10ACB0001A46FB799A42A0D0002318461037BD46A9
:10ACC00080BD000080B495B000AF78607B681B68E1
:10ACD0007B637B6B53E8003F3B633B6B23F49073D8
:10ACE000FB647B681B681A46FB6C3B64FA63F96B78
:10ACF0003A6C41E80023BB63BB6B002BE6D17B6859
:10AD00001B6808333B623B6A53E8003FFB61FA690A
:10AD10001E4B1340BB647B681B680833BA6CFA6235
:10AD2000BB62B96AFA6A41E800237B627B6A002B46
:10AD3000E5D17B68DB6E012B18D17B681B68FB605B
:10AD4000FB6853E8003FBB60BB6823F010037B64E3
:10AD50007B681B681A467B6CBB617A617969BA694A
:10AD600041E800233B613B69002BE6D17B68202250
:10AD7000C3F88C207B680022DA667B6800225A6761
:10AD800000BF5437BD465DF8047B7047FEFFFFEF00
:10AD900080B485B000AF78607B6893F88430012B75
:10ADA00001D1022327E07B68012283F884207B689D
:10ADB0002422C3F888207B681B681B68FB607B68C3
:10ADC0001B681A687B681B6822F001021A60FB6826
:10ADD00023F00053FB607B6800225A667B681B6887
:10ADE000FA681A607B682022C3F888207B680022FA
:10ADF00083F88420002318461437BD465DF8047B91
:10AE0000704780B584B000AF786039607B6893F894
:10AE10008430012B01D102232DE07B68012283F8CD
:10AE200084207B682422C3F888207B681B681B6809
:10AE3000FB607B681B681A687B681B6822F0010254
:10AE40001A607B681B689B6823F060417B681B6805
:10AE50003A680A439A60786800F050F87B681B688B
:10AE6000FA681A607B682022C3F888207B68002279
:10AE700083F88420002318461037BD4680BD80B576
:10AE800084B000AF786039607B6893F88430012B20
:10AE900001D102232DE07B68012283F884207B68A6
:10AEA0002422C3F888207B681B681B68FB607B68D2
:10AEB0001B681A687B681B6822F001021A607B68B5
:10AEC0001B689B6823F060617B681B683A680A43D3
:10AED0009A60786800F012F87B681B68FA681A605C
:10AEE0007B682022C3F888207B68002283F88420B6
:10AEF000002318461037BD4680BD000080B485B0E1
:10AF000000AF78607B685B6E002B08D17B68012204
:10AF1000A3F86A207B680122A3F8682031E010239F
:10AF2000FB731023BB737B681B689B685B0EDBB2F3
:10AF300003F007037B737B681B689B685B0FDBB2C6
:10AF400003F007033B73BB7B3A7B11498A5C02FB2E
:10AF500003F33A7B0F498A5C93FBF2F39AB27B6866
:10AF6000A3F86A20FB7B7A7B09498A5C02FB03F326
:10AF70007A7B08498A5C93FBF2F39AB27B68A3F868
:10AF8000682000BF1437BD465DF8047B704700BFE2
:10AF90007C0901088409010880B483B000AF03462E
:10AFA0003960FB80B7F90630002B0ADB3B68DAB268
:10AFB0000C49B7F906301201D2B20B4483F80023D2
:10AFC0000AE03B68DAB20849FB8803F00F03043B50
:10AFD0001201D2B20B441A7600BF0C37BD465DF8A1
:10AFE000047B704700E100E000ED00E080B500AFB9
:10AFF00000216FF00400FFF7CFFF00BF80BD00000D
:10B0000080B483B000AFEFF305833B603B68002B57
:10B0100003D06FF005037B600CE00A4B1B68002B2C
:10B0200005D1084B01221A6000237B6002E04FF03B
:10B03000FF337B607B6818460C37BD465DF8047BA8
:10B04000704700BFB80F002480B582B000AFEFF3A7
:10B0500005833B603B68002B03D06FF005037B60EA
:10B0600010E00B4B1B68012B09D1FFF7BFFF084B0A
:10B0700002221A6001F07AF800237B6002E04FF0B0
:10B08000FF337B607B6818460837BD4680BD00BF34
:10B09000B80F002480B58EB004AFF860B9607A6054
:10B0A00000233B61EFF305837B617B69002B7ED13D
:10B0B000FB68002B7BD080233B621823FB610023BD
:10B0C0007B624FF0FF33BB617B68002B45D07B6810
:10B0D0001B68002B02D07B681B687B627B689B69C6
:10B0E000002B02D07B689B69FB61FB69002B08D0B9
:10B0F000FB69382B05D87B685B6803F00103002BE4
:10B1000001D0002354E07B685B69002B03D07B688F
:10B110005B699B083B627B689B68002B0ED07B6859
:10B12000DB685B2B0AD97B681B69002B06D07B6828
:10B130005B69002B02D00123BB6110E07B689B6838
:10B14000002B0CD17B68DB68002B08D17B681B6966
:10B15000002B04D10023BB6101E00023BB61BB696C
:10B16000012B10D17B681B697A6892680292019367
:10B17000FB690093BB683A6A796AF86800F01AFEC6
:10B1800003463B6113E0BB69002B10D13B6A9AB2C6
:10B1900007F110030193FB690093BB68796AF868B3
:10B1A00000F068FE0346012B01D000233B613B69A0
:10B1B00018462837BD4680BD80B584B000AF7860A2
:10B1C000EFF30583BB60BB68002B03D06FF0050372
:10B1D000FB6007E00023FB607B68002B02D07868EF
:10B1E00000F08EFFFB6818461037BD4680BD00009A
:10B1F00080B485B000AFF860B9607A60FB68074A38
:10B200001A60BB68064A1A607B6880221A6000BF19
:10B210001437BD465DF8047B704700BFBC0F0024A7
:10B220001810002480B485B000AFF860B9607A606F
:10B23000FB68074A1A60BB68064A1A607B684FF4CD
:10B2400080721A6000BF1437BD465DF8047B7047FA
:10B25000181200247412002480B483B000AF786008
:10B260007B6803F108027B685A607B684FF0FF320D
:10B270009A607B6803F108027B68DA607B6803F1FF
:10B2800008027B681A617B6800221A6000BF0C37D5
:10B29000BD465DF8047B704780B483B000AF786032
:10B2A0007B6800221A6100BF0C37BD465DF8047B45
:10B2B000704780B485B000AF786039607B685B68A8
:10B2C000FB603B68FA685A60FB689A683B689A6062
:10B2D000FB689B683A685A60FB683A689A603B680A
:10B2E0007A681A617B681B685A1C7B681A6000BF09
:10B2F0001437BD465DF8047B704780B485B000AF5D
:10B30000786039603B681B68BB60BB68B3F1FF3F86
:10B3100003D17B681B69FB600CE07B680833FB6032
:10B3200002E0FB685B68FB60FB685B681B68BA68EF
:10B330009A42F6D2FB685A683B685A603B685B6881
:10B340003A689A603B68FA689A60FB683A685A60A3
:10B350003B687A681A617B681B685A1C7B681A60B4
:10B3600000BF1437BD465DF8047B704780B485B0DC
:10B3700000AF78607B681B69FB607B685B687A68FC
:10B3800092689A607B689B687A6852685A60FB682A
:10B390005B687A689A4203D17B689A68FB685A6056
:10B3A0007B6800221A61FB681B685A1EFB681A60E2
:10B3B000FB681B6818461437BD465DF8047B704770
:10B3C00080B584B000AF786039607B68FB60FB6853
:10B3D000002B0BD14FF0500383F31188BFF36F8F15
:10B3E000BFF34F8FBB6000BF00BFFDE702F07CF8EA
:10B3F000FB681A68FB68DB6BF968096C01FB03F3F7
:10B400001A44FB689A60FB6800229A63FB681A681A
:10B41000FB685A60FB681A68FB68DB6B013BF968E4
:10B42000096C01FB03F31A44FB68DA60FB68FF2236
:10B4300083F84420FB68FF2283F845203B68002BFB
:10B4400014D1FB681B69002B1AD0FB681033184617
:10B4500001F01AF90346002B12D00D4B4FF0805229
:10B460001A60BFF34F8FBFF36F8F09E0FB68103393
:10B470001846FFF7F1FEFB6824331846FFF7ECFE91
:10B4800002F064F8012318461037BD4680BD00BFA6
:10B4900004ED00E080B58EB002AFF860B9607A606C
:10B4A0003B60FB68002B0BD14FF0500383F31188F6
:10B4B000BFF36F8FBFF34F8FBB6200BF00BFFDE7CD
:10B4C0003B68002B0BD14FF0500383F31188BFF37F
:10B4D0006F8FBFF34F8F7B6200BF00BFFDE77B68BC
:10B4E000002B02D0BB68002B01D0012300E0002319
:10B4F000002B0BD14FF0500383F31188BFF36F8FF4
:10B50000BFF34F8F3B6200BF00BFFDE77B68002B9E
:10B5100002D1BB68002B01D1012300E00023002BE6
:10B520000BD14FF0500383F31188BFF36F8FBFF33C
:10B530004F8FFB6100BF00BFFDE750237B617B693C
:10B54000502B0BD04FF0500383F31188BFF36F8F54
:10B55000BFF34F8FBB6100BF00BFFDE77B693B6856
:10B56000FB62FB6A002B0DD0FB6A012283F84620A8
:10B5700097F83820FB6A009313467A68B968F86830
:10B5800000F005F8FB6A18463037BD4680BD80B52F
:10B5900084B000AFF860B9607A60FB70BB68002BC4
:10B5A00003D1BB69BA691A6002E0BB697A681A60A4
:10B5B000BB69FA68DA63BB69BA681A640121B869C1
:10B5C000FFF7FEFEBB69FA7883F84C2000BF103706
:10B5D000BD4680BD80B58EB000AFF860B9607A60BE
:10B5E0003B6000237B63FB683B633B6B002B0BD111
:10B5F0004FF0500383F31188BFF36F8FBFF34F8F6A
:10B60000BB6200BF00BFFDE7BB68002B03D13B6BF3
:10B610001B6C002B01D1012300E00023002B0BD178
:10B620004FF0500383F31188BFF36F8FBFF34F8F39
:10B630007B6200BF00BFFDE73B68022B03D13B6B81
:10B64000DB6B012B01D1012300E00023002B0BD188
:10B650004FF0500383F31188BFF36F8FBFF34F8F09
:10B660003B6200BF00BFFDE701F0CEF90346002BAF
:10B6700002D17B68002B01D1012300E00023002BC5
:10B680000BD14FF0500383F31188BFF36F8FBFF3DB
:10B690004F8FFB6100BF00BFFDE701F025FF3B6B53
:10B6A0009A6B3B6BDB6B9A4202D33B68022B29D12E
:10B6B0003A68B968386B00F00FFAF8623B6B5B6A66
:10B6C000002B10D03B6B2433184600F0DDFF0346FF
:10B6D000002B13D03F4B4FF080521A60BFF34F8FB7
:10B6E000BFF36F8F0AE0FB6A002B07D0394B4FF096
:10B6F00080521A60BFF34F8FBFF36F8F01F026FFA8
:10B70000012363E07B68002B03D101F01FFF0023BE
:10B710005CE07B6B002B06D107F11403184601F0A7
:10B7200017F801237B6301F011FF00F087FD01F0A2
:10B73000DBFE3B6B93F844305BB2B3F1FF3F03D1C8
:10B740003B6B002283F844203B6B93F845305BB29F
:10B75000B3F1FF3F03D13B6B002283F8452001F09A
:10B76000F5FE3A1D07F114031146184601F006F8DC
:10B770000346002B24D1386B00F0A6FA0346002BB9
:10B7800018D03B6B10337A681146184600F02AFF38
:10B79000386B00F031FA00F05FFD0346002B7FF4B8
:10B7A0007CAF0C4B4FF080521A60BFF34F8FBFF34A
:10B7B0006F8F72E7386B00F01FFA00F04DFD6CE7F9
:10B7C000386B00F019FA00F047FD002318463837AF
:10B7D000BD4680BD04ED00E080B590B000AFF860DC
:10B7E000B9607A603B60FB68BB63BB6B002B0BD11D
:10B7F0004FF0500383F31188BFF36F8FBFF34F8F68
:10B80000BB6200BF00BFFDE7BB68002B03D1BB6B71
:10B810001B6C002B01D1012300E00023002B0BD176
:10B820004FF0500383F31188BFF36F8FBFF34F8F37
:10B830007B6200BF00BFFDE73B68022B03D1BB6BFF
:10B84000DB6B012B01D1012300E00023002B0BD186
:10B850004FF0500383F31188BFF36F8FBFF34F8F07
:10B860003B6200BF00BFFDE701F01EFFEFF3118256
:10B870004FF0500383F31188BFF36F8FBFF34F8FE7
:10B88000FA61BB61FB697B63BB6B9A6BBB6BDB6B68
:10B890009A4202D33B68022B2FD1BB6B93F8453001
:10B8A00087F83330BB6B9B6BFB623A68B968B86B47
:10B8B00000F012F997F93330B3F1FF3F12D1BB6BAF
:10B8C0005B6A002B16D0BB6B2433184600F0DCFEFD
:10B8D0000346002B0ED07B68002B0BD07B68012227
:10B8E0001A6007E097F833300133DBB25AB2BB6B12
:10B8F00083F845200123FB6301E00023FB637B6B9E
:10B900007B617B6983F3118800BFFB6B184640376E
:10B91000BD4680BD80B58CB000AFF860B9607A607C
:10B920000023FB62FB68BB62BB6A002B0BD14FF0AC
:10B93000500383F31188BFF36F8FBFF34F8F3B62C8
:10B9400000BF00BFFDE7BB68002B03D1BB6A1B6CC7
:10B95000002B01D1012300E00023002B0BD14FF07D
:10B96000500383F31188BFF36F8FBFF34F8FFB61D9
:10B9700000BF00BFFDE701F047F80346002B02D1EE
:10B980007B68002B01D1012300E00023002B0BD1A9
:10B990004FF0500383F31188BFF36F8FBFF34F8FC6
:10B9A000BB6100BF00BFFDE701F09EFDBB6A9B6B62
:10B9B0007B627B6A002B1FD0B968B86A00F0F6F88A
:10B9C0007B6A5A1EBB6A9A63BB6A1B69002B0FD045
:10B9D000BB6A1033184600F057FE0346002B07D011
:10B9E0003C4B4FF080521A60BFF34F8FBFF36F8F05
:10B9F00001F0ACFD012369E07B68002B03D101F06D
:10BA0000A5FD002362E0FB6A002B06D107F11003BD
:10BA1000184600F09DFE0123FB6201F097FD00F047
:10BA20000DFC01F061FDBB6A93F844305BB2B3F1E9
:10BA3000FF3F03D1BB6A002283F84420BB6A93F81E
:10BA400045305BB2B3F1FF3F03D1BB6A002283F8FC
:10BA5000452001F07BFD3A1D07F110031146184601
:10BA600000F08CFE0346002B23D1B86A00F016F9D3
:10BA70000346002B17D0BB6A24337A681146184658
:10BA800000F0B0FDB86A00F0B7F800F0E5FB03463F
:10BA9000002B89D10F4B4FF080521A60BFF34F8FAC
:10BAA000BFF36F8F80E7B86A00F0A6F800F0D4FB10
:10BAB0007AE7B86A00F0A0F800F0CEFBB86A00F0B0
:10BAC000EDF80346002B3FF46FAF002318463037E4
:10BAD000BD4680BD04ED00E080B586B000AFF860E3
:10BAE000B9607A6000237B61FB689B6B3B61FB68FC
:10BAF0001B6C002B0DD1FB681B68002B4DD1FB6824
:10BB00009B68184600F09EFF7861FB6800229A60EF
:10BB100043E07B68002B19D1FB685868FB681B6CFD
:10BB20001A46B96802F0CBFEFB685A68FB681B6CCA
:10BB30001A44FB685A60FB685A68FB689B689A4223
:10BB40002BD3FB681A68FB685A6026E0FB68D8684C
:10BB5000FB681B6C1A46B96802F0B1FEFB68DA6834
:10BB6000FB681B6C5B421A44FB68DA60FB68DA68AE
:10BB7000FB681B689A4207D2FB689A68FB681B6CDB
:10BB80005B421A44FB68DA607B68022B05D13B6993
:10BB9000002B02D03B69013B3B613B695A1CFB68AF
:10BBA0009A637B6918461837BD4680BD80B582B060
:10BBB00000AF786039607B681B6C002B18D07B6805
:10BBC000DA687B681B6C1A447B68DA607B68DA6829
:10BBD0007B689B689A4203D37B681A687B68DA604B
:10BBE0007B68D9687B681B6C1A46386802F067FE70
:10BBF00000BF0837BD4680BD80B584B000AF786017
:10BC000001F072FC7B6893F84530FB7311E07B68B0
:10BC10005B6A002B12D07B682433184600F034FD99
:10BC20000346002B01D000F00DFEFB7B013BDBB295
:10BC3000FB7397F90F30002BE9DC00E000BF7B6855
:10BC4000FF2283F8452001F081FC01F04DFC7B6868
:10BC500093F84430BB7311E07B681B69002B12D052
:10BC60007B681033184600F00FFD0346002B01D00F
:10BC700000F0E8FDBB7B013BDBB2BB7397F90E30F4
:10BC8000002BE9DC00E000BF7B68FF2283F8442042
:10BC900001F05CFC00BF1037BD4680BD80B584B0AC
:10BCA00000AF786001F020FC7B689B6B002B02D119
:10BCB0000123FB6001E00023FB6001F047FCFB680F
:10BCC00018461037BD4680BD80B584B000AF78609F
:10BCD00001F00AFC7B689A6B7B68DB6B9A4202D1AD
:10BCE0000123FB6001E00023FB6001F02FFCFB68F7
:10BCF00018461037BD4680BD80B485B000AF78606F
:10BD000039600023FB6014E00F4AFB6852F83330BF
:10BD1000002B0BD10C49FB683A6841F833200A4AE2
:10BD2000FB68DB0013447A685A6006E0FB68013365
:10BD3000FB60FB68072BE7D900BF00BF1437BD4687
:10BD40005DF8047B704700BF7416002480B586B090
:10BD500000AFF860B9607A60FB687B6101F0C4FBFA
:10BD60007B6993F844305BB2B3F1FF3F03D17B6949
:10BD7000002283F844207B6993F845305BB2B3F12D
:10BD8000FF3F03D17B69002283F8452001F0DEFBF1
:10BD90007B699B6B002B06D17B6924337A68B96879
:10BDA000184600F045FC7869FFF726FF00BF1837FA
:10BDB000BD4680BD80B58EB004AFF860B9607A60D2
:10BDC0003B607B6B002B0BD14FF0500383F311884A
:10BDD000BFF36F8FBFF34F8F3B6200BF00BFFDE724
:10BDE000BB6B002B0BD14FF0500383F31188BFF3D3
:10BDF0006F8FBFF34F8FFB6100BF00BFFDE75C2378
:10BE00003B613B695C2B0BD04FF0500383F31188EF
:10BE1000BFF36F8FBFF34F8FBB6100BF00BFFDE764
:10BE20003B69BB6B002B1ED07B6B002B1BD0BB6B0D
:10BE30007B627B6A7A6B1A637B6A022283F85920E1
:10BE4000002303937B6A029307F1140301933B6B76
:10BE500000933B687A68B968F86800F050F8786A2F
:10BE600000F0DEF801E000237B617B69184628378B
:10BE7000BD4680BD80B58CB004AFF860B9603B6052
:10BE80001346FB80FB889B00184601F04FFC78614D
:10BE90007B69002B0ED05C2001F048FCF861FB6947
:10BEA000002B03D0FB697A691A6305E0786901F019
:10BEB0000BFD01E00023FB61FB69002B17D0FB6940
:10BEC000002283F85920FA8800230393FB69029328
:10BED000FB6A0193BB6A00933B68B968F86800F09D
:10BEE0000EF8F86900F09CF80123BB6102E04FF006
:10BEF000FF33BB61BB6918462037BD4680BD80B5A6
:10BF000088B000AFF860B9607A603B603B6B186B3B
:10BF10007B689B001A46A52102F00FFC3B6B1A6B55
:10BF200079686FF040430B449B001344BB61BB69CD
:10BF300023F00703BB61BB6903F00703002B0BD0A1
:10BF40004FF0500383F31188BFF36F8FBFF34F8F10
:10BF50007B6100BF00BFFDE7BB68002B1FD0002343
:10BF6000FB6112E0BA68FB69134419783A6BFB690C
:10BF7000134434330A461A70BA68FB6913441B78B9
:10BF8000002B06D0FB690133FB61FB690F2BE9D95C
:10BF900000E000BF3B6B002283F8432003E03B6BD3
:10BFA000002283F83420BB6A372B01D93723BB62C8
:10BFB0003B6BBA6ADA623B6BBA6ADA643B6B0022AB
:10BFC0001A653B6B04331846FFF766F93B6B183371
:10BFD0001846FFF761F93B6B3A6B1A61BB6AC3F114
:10BFE00038023B6B9A613B6B3A6B5A623B6B0022A7
:10BFF0005A653B6B002283F858203A68F968B869A3
:10C0000001F03EF902463B6B1A60FB6A002B02D03E
:10C01000FB6A3A6B1A6000BF2037BD4680BD000046
:10C0200080B582B000AF786001F05EFA2D4B1B68DE
:10C0300001332C4A13602C4B1B68002B09D12A4A70
:10C040007B681360274B1B68012B10D100F01EFC8E
:10C050000DE0264B1B68002B09D1234B1B68DA6AC5
:10C060007B68DB6A9A4202D81F4A7B681360204BC8
:10C070001B6801331E4A13601D4B1A687B685A64A3
:10C080007B68DA6A1B4B1B689A4203D97B68DB6AC0
:10C09000184A13607B68DA6A13469B0013449B00BE
:10C0A000154A1A447B68043319461046FFF701F914
:10C0B00001F04CFA0D4B1B68002B0ED00A4B1B688D
:10C0C000DA6A7B68DB6A9A4207D20C4B4FF08052E7
:10C0D0001A60BFF34F8FBFF36F8F00BF0837BD46A5
:10C0E00080BD00BF881B0024B4160024941B0024CC
:10C0F000A41B0024901B0024B816002404ED00E0CB
:10C1000080B584B000AF78600023FB607B68002BB3
:10C1100018D0144B1B68002B0BD04FF0500383F347
:10C120001188BFF36F8FBFF34F8FBB6000BF00BF9D
:10C13000FDE700F083F80021786800F0F3FC00F0E0
:10C140008BF8F860FB68002B07D1074B4FF080524B
:10C150001A60BFF34F8FBFF36F8F00BF1037BD461C
:10C1600080BD00BFB01B002404ED00E080B58AB0A4
:10C1700004AF0023BB6000237B603A46391D07F102
:10C1800008031846FFF734F839687B68BA680292EA
:10C1900001930023009300230A4622492248FFF717
:10C1A00009FE0346214A1360204B1B68002B02D076
:10C1B00001237B6101E000237B617B69012B02D1BC
:10C1C00000F004FD78617B69012B16D14FF050031C
:10C1D00083F31188BFF36F8FBFF34F8F3B6100BFB5
:10C1E000134B4FF0FF321A60124B01221A60124BB0
:10C1F00000221A6001F0D4F80FE07B69B3F1FF3F31
:10C200000BD14FF0500383F31188BFF36F8FBFF34F
:10C210004F8FFB6000BF00BFFDE700BF1837BD4672
:10C2200080BD00BFF40801085DC80008AC1B0024F5
:10C23000A81B0024941B00248C1B002480B400AF96
:10C24000044B1B680133034A136000BFBD465DF811
:10C25000047B7047B01B002480B584B000AF00237E
:10C26000FB600023BB60424B1B68002B0BD14FF0DF
:10C27000500383F31188BFF36F8FBFF34F8F3B6081
:10C2800000BF00BFFDE701F02FF9394B1B68013BF0
:10C29000374A1360364B1B68002B62D1354B1B6845
:10C2A000002B5ED02FE0344BDB68DB68FB60FB6863
:10C2B00018331846FFF75AF8FB6804331846FFF79F
:10C2C00055F8FB68DA6A2D4B1B689A4203D9FB6864
:10C2D000DB6A2A4A1360FB68DA6A13469B00134440
:10C2E0009B00274A1A44FB68043319461046FEF7A0
:10C2F000E0FFFB68DA6A234B1B68DB6A9A4202D3D1
:10C30000214B01221A601C4B1B68002BCBD1FB6810
:10C31000002B01D000F058FB1C4B1B687B607B6836
:10C32000002B10D000F046F80346002B02D0164B2D
:10C3300001221A607B68013B7B607B68002BF1D196
:10C34000124B00221A60104B1B68002B09D00123EE
:10C35000BB600F4B4FF080521A60BFF34F8FBFF39B
:10C360006F8F01F0F3F8BB6818461037BD4680BDEB
:10C37000B01B0024881B0024481B0024901B0024B1
:10C38000B8160024B41600249C1B0024981B00241B
:10C3900004ED00E080B483B000AF054B1B687B6008
:10C3A0007B6818460C37BD465DF8047B704700BFBC
:10C3B0008C1B002480B586B000AF00237B614F4BFF
:10C3C0001B68002B40F090804D4B1B6801333B6194
:10C3D0004B4A3B6913603B69002B21D1494B1B68D9
:10C3E0001B68002B0BD04FF0500383F31188BFF371
:10C3F0006F8FBFF34F8F3B6000BF00BFFDE7414B26
:10C400001B68FB60404B1B683E4A13603E4AFB685A
:10C4100013603E4B1B6801333C4A136000F0D4FAB2
:10C420003B4B1B683A699A4249D3364B1B681B68E1
:10C43000002B04D1364B4FF0FF321A603FE0314BF6
:10C440001B68DB68DB68BB60BB685B687B603A6964
:10C450007B689A4203D22E4A7B6813602FE0BB6848
:10C4600004331846FEF782FFBB689B6A002B04D09A
:10C47000BB6818331846FEF779FFBB68DA6A254BAC
:10C480001B689A4203D9BB68DB6A224A1360BB6807
:10C49000DA6A13469B0013449B001F4A1A44BB6888
:10C4A000043319461046FEF704FFBB68DA6A1B4BDB
:10C4B0001B68DB6A9A42B8D301237B61B5E7174B4F
:10C4C0001B68DA6A144913469B0013449B000B4413
:10C4D0001B68012B01D901237B61114B1B68002BC9
:10C4E00007D001237B6104E00E4B1B6801330D4A2A
:10C4F00013607B6918461837BD4680BDB01B002409
:10C500008C1B0024401B0024441B0024A01B00247F
:10C51000A81B0024901B0024B8160024B416002485
:10C520009C1B0024981B002480B485B000AF284BCE
:10C530001B68002B03D0274B01221A6042E0254BD9
:10C5400000221A60244B1B68FB6011E0FB68002B83
:10C550000BD14FF0500383F31188BFF36F8FBFF3FC
:10C560004F8F7B6000BF00BFFDE7FB68013BFB60B6
:10C570001A49FA6813469B0013449B000B441B683E
:10C58000002BE3D0FA6813469B0013449B00134A28
:10C590001344BB60BB685B685A68BB685A60BB6881
:10C5A0005A68BB6808339A4204D1BB685B685A6812
:10C5B000BB685A60BB685B68DB68094A1360064A5F
:10C5C000FB68136000BF1437BD465DF8047B7047FD
:10C5D000B01B00249C1B0024901B0024B8160024D0
:10C5E000B416002480B584B000AF786039607B68F1
:10C5F000002B0BD14FF0500383F31188BFF36F8FE3
:10C60000BFF34F8FFB6000BF00BFFDE7074B1B6808
:10C61000183319467868FEF770FE0121386800F07B
:10C6200081FA00BF1037BD4680BD00BFB41600249C
:10C6300080B586B000AFF860B9607A60FB68002B07
:10C640000BD14FF0500383F31188BFF36F8FBFF30B
:10C650004F8F7B6100BF00BFFDE70A4B1B6818339B
:10C660001946F868FEF725FE7B68002B02D04FF0D4
:10C67000FF33BB607968B86800F054FA00BF183720
:10C68000BD4680BDB416002480B586B000AF78608A
:10C690007B68DB68DB683B613B69002B0BD14FF0AB
:10C6A000500383F31188BFF36F8FBFF34F8FFB608D
:10C6B00000BF00BFFDE73B6918331846FEF756FE82
:10C6C0001D4B1B68002B1DD13B6904331846FEF738
:10C6D0004DFE3B69DA6A194B1B689A4203D93B69E4
:10C6E000DB6A164A13603B69DA6A13469B001344FF
:10C6F0009B00134A1A443B69043319461046FEF75F
:10C70000D8FD05E03B69183319460E48FEF7D1FD08
:10C710003B69DA6A0C4B1B68DB6A9A4205D9012334
:10C720007B610A4B01221A6001E000237B617B6977
:10C7300018461837BD4680BDB01B0024901B00244E
:10C74000B8160024481B0024B41600249C1B0024A7
:10C7500080B483B000AF7860064B1A687B681A60BB
:10C76000054B1A687B685A6000BF0C37BD465DF800
:10C77000047B7047A01B00248C1B002480B588B06C
:10C7800000AF786039607B68002B0BD14FF050030D
:10C7900083F31188BFF36F8FBFF34F8F3B6100BFEF
:10C7A00000BFFDE73B68002B0BD14FF0500383F334
:10C7B0001188BFF36F8FBFF34F8FFB6000BF00BFC7
:10C7C000FDE700F091FE1D4B1B68BB617B685B6859
:10C7D000BA69D31A7B613B681B68B3F1FF3F02D192
:10C7E0000023FB6123E07B681A68154B1B689A42A3
:10C7F00007D07B685B68BA699A4202D30123FB6168
:10C8000015E03B681B687A699A420BD23B681A684C
:10C810007B69D21A3B681A607868FFF799FF00239A
:10C82000FB6104E03B6800221A600123FB6100F019
:10C830008DFEFB6918462037BD4680BD8C1B002449
:10C84000A01B002480B400AF034B01221A6000BF7C
:10C85000BD465DF8047B70479C1B002480B582B008
:10C8600000AF786000F052F8064B1B68012BF9D935
:10C87000054B4FF080521A60BFF34F8FBFF36F8F9D
:10C88000F0E700BFB816002404ED00E080B582B0E8
:10C8900000AF00237B600CE07A6813469B001344D2
:10C8A0009B00124A13441846FEF7D6FC7B680133FE
:10C8B0007B607B68372BEFD90D48FEF7CDFC0D4828
:10C8C000FEF7CAFC0C48FEF7C7FC0C48FEF7C4FC98
:10C8D0000B48FEF7C1FC0B4B054A1A600A4B054A90
:10C8E0001A6000BF0837BD4680BD00BFB8160024DF
:10C8F000181B00242C1B0024481B00245C1B002454
:10C90000741B0024401B0024441B002480B582B00B
:10C9100000AF19E000F0E8FD104BDB68DB687B60DE
:10C920007B6804331846FEF721FD0D4B1B68013B65
:10C930000B4A13600B4B1B68013B0A4A136000F063
:10C9400005FE786800F010F8064B1B68002BE1D15B
:10C9500000BF00BF0837BD4680BD00BF5C1B002480
:10C96000881B0024701B002480B584B000AF786061
:10C970007B6893F85930002B08D17B681B6B1846F5
:10C9800000F0A2FF786800F09FFF19E07B6893F841
:10C990005930012B03D1786800F096FF10E07B68D6
:10C9A00093F85930022B0BD04FF0500383F31188CA
:10C9B000BFF36F8FBFF34F8FFB6000BF00BFFDE77A
:10C9C00000BF1037BD4680BD80B483B000AF0C4BB4
:10C9D0001B681B68002B04D10A4B4FF0FF321A6012
:10C9E00008E0074B1B68DB68DB687B607B685B6883
:10C9F000044A136000BF0C37BD465DF8047B7047E6
:10CA0000401B0024A81B002480B483B000AF0B4B54
:10CA10001B68002B02D101237B6008E0084B1B68D8
:10CA2000002B02D102237B6001E000237B607B6846
:10CA300018460C37BD465DF8047B7047941B0024F4
:10CA4000B01B002480B586B000AF78607B683B6186
:10CA500000237B617B68002B58D02F4B1B683A6901
:10CA60009A420BD04FF0500383F31188BFF36F8FBE
:10CA7000BFF34F8FFB6000BF00BFFDE73B691B6D3D
:10CA8000002B0BD14FF0500383F31188BFF36F8F4E
:10CA9000BFF34F8FBB6000BF00BFFDE73B691B6D5D
:10CAA0005A1E3B691A653B69DA6A3B69DB6C9A423C
:10CAB0002CD03B691B6D002B28D13B6904331846F1
:10CAC000FEF754FC3B69DA6C3B69DA623B69DB6A6E
:10CAD000C3F138023B699A613B69DA6A0F4B1B6804
:10CAE0009A4203D93B69DB6A0C4A13603B69DA6AF4
:10CAF00013469B0013449B00094A1A443B690433C4
:10CB000019461046FEF7D5FB01237B617B69184669
:10CB10001837BD4680BD00BFB4160024901B00240A
:10CB2000B816002480B584B000AF78603960214B1E
:10CB30001B68FB60204B1B6804331846FEF716FC8D
:10CB40007B68B3F1FF3F0AD13B68002B07D01A4B3B
:10CB50001B68043319461948FEF7ABFB26E0FA6858
:10CB60007B681344BB60144B1B68BA685A60BA6890
:10CB7000FB689A4209D2124B1A680F4B1B680433A8
:10CB800019461046FEF7B9FB10E00E4B1A680A4B27
:10CB90001B68043319461046FEF7AFFB0A4B1B68AF
:10CBA000BA689A4202D2084ABB68136000BF1037C5
:10CBB000BD4680BD8C1B0024B4160024741B0024C9
:10CBC000441B0024401B0024A81B002480B58AB00D
:10CBD00004AF00237B6100F013FB1D4B1B68002B8F
:10CBE00021D00023FB600023BB603A1D07F1080140
:10CBF00007F10C031846FEF715FB7968BB68FA6865
:10CC0000029201930223009300230A46114912481D
:10CC1000FFF7D0F80346114A1360104B1B68002B36
:10CC200001D001237B617B69002B0BD14FF05003B6
:10CC300083F31188BFF36F8FBFF34F8F3B6100BF4A
:10CC400000BFFDE77B6918461837BD4680BD00BFB1
:10CC5000E41B0024FC08010899CD0008E81B00240F
:10CC600080B58AB000AFF860B9607A603B6000239D
:10CC70007B62FB68002B0BD14FF0500383F31188CC
:10CC8000BFF36F8FBFF34F8F3B6200BF00BFFDE765
:10CC9000194B1B68002B2AD0BB683B617B687B610A
:10CCA000FB68BB61BB68052B18DCFFF7ADFE0346D4
:10CCB000022B09D1104B186807F1100100233A6BC1
:10CCC000FEF788FC786212E00B4B186807F1100140
:10CCD00000230022FEF77EFC786208E0064B18680D
:10CCE00007F1100100233A68FEF776FD78627B6A4F
:10CCF00018462837BD4680BDE41B002480B588B0A7
:10CD000002AF78603960234B1B68DB68DB687B61AE
:10CD10007B6904331846FEF729FB7B6993F82830BA
:10CD200003F00403002B23D07B699A697B68D11838
:10CD30007B683A68786900F0D5F80346002B20D06C
:10CD40000023009300237A6800217869FFF788FFA9
:10CD500038613B69002B14D14FF0500383F31188E5
:10CD6000BFF36F8FBFF34F8FFB6000BF00BFFDE7C6
:10CD70007B6993F8283023F00103DAB27B6983F8EA
:10CD800028207B691B6A7869984700BF1837BD4621
:10CD900080BD00BFDC1B002480B584B000AF78608C
:10CDA00007F10803184600F059F8F860BB68194607
:10CDB000F86800F005F800F0D7F800BFF0E70000D1
:10CDC00080B584B000AF78603960FFF737FA07F1BB
:10CDD0000803184600F066F8F860BB68002B30D1F5
:10CDE0003B68002B0AD17A68FB689A4206D8FFF7A5
:10CDF00033FAF9687868FFF781FF24E03B68002B7D
:10CE000008D0134B1B681B68002B01D1012300E0E5
:10CE100000233B600F4B18687A68FB68D31A3A68A6
:10CE20001946FEF793FFFFF717FA0346002B0AD1C6
:10CE3000094B4FF080521A60BFF34F8FBFF36F8FD3
:10CE400001E0FFF709FA00BF1037BD4680BD00BF03
:10CE5000E01B0024E41B002404ED00E080B485B056
:10CE600000AF78600E4B1B681B68002B01D10122BC
:10CE700000E000227B681A607B681B68002B05D1EC
:10CE8000074B1B68DB681B68FB6001E00023FB604D
:10CE9000FB6818461437BD465DF8047B704700BF39
:10CEA000DC1B002480B584B000AF7860FFF772FA15
:10CEB000F8600B4B1B68FA689A4205D200F03AF909
:10CEC0007B6801221A6002E07B6800221A60044A33
:10CED000FB681360FB6818461037BD4680BD00BF75
:10CEE000EC1B002480B586B000AFF860B9607A60B2
:10CEF0003B6000237B61FB68BA685A60FB68FA6894
:10CF00001A61BA687B689A4212D87A683B68D21A6A
:10CF1000FB689B699A4202D301237B611BE0104BA3
:10CF20001A68FB68043319461046FEF7E6F912E06A
:10CF30007A683B689A4206D2BA683B689A4202D342
:10CF400001237B6107E0074B1A68FB68043319462D
:10CF50001046FEF7D2F97B6918461837BD4680BDEA
:10CF6000E01B0024DC1B002480B58EB002AFCEE0B5
:10CF70007B68002B19DA3B1D0433FB62FB6A002B34
:10CF80000BD14FF0500383F31188BFF36F8FBFF3C2
:10CF90004F8FFB6100BF00BFFDE7FB6A1B68FA6AA9
:10CFA0005068FA6A9268114698477B68002BC0F275
:10CFB000AE80FB68BB62BB6A5B69002B04D0BB6AB6
:10CFC00004331846FEF7D2F93B461846FFF76AFFCE
:10CFD00078627B68092B00F2978001A252F823F057
:10CFE00009D0000809D0000809D000087FD0000847
:10CFF00093D00008DFD0000809D0000809D000084D
:10D000007FD0000893D00008BB6A93F8283043F023
:10D010000103DAB2BB6A83F82820BA68BB6A9B694D
:10D02000D118BB687A6AB86AFFF75CFF0346002B29
:10D030006CD0BB6A1B6AB86A9847BB6A93F8283001
:10D0400003F00403002B61D0BA68BB6A9B691A44E1
:10D050000023009300230021B86AFFF701FE386225
:10D060003B6A002B52D14FF0500383F31188BFF37A
:10D070006F8FBFF34F8FBB6100BF00BFFDE7BB6A7F
:10D0800093F8283023F00103DAB2BB6A83F8282032
:10D090003DE0BB6A93F8283043F00103DAB2BB6A83
:10D0A00083F82820BA68BB6A9A61BB6A9B69002B27
:10D0B0000BD14FF0500383F31188BFF36F8FBFF391
:10D0C0004F8F7B6100BF00BFFDE7BB6A9A697B6A37
:10D0D000D1187B6A7A6AB86AFFF704FF17E0BB6A67
:10D0E00093F8283003F00203002B03D1B86A00F054
:10D0F000EBFB0CE0BB6A93F8283023F00103DAB2B3
:10D10000BB6A83F8282002E000BF00E000BF084BA4
:10D110001B68391D00221846FEF7FCFB0346002B56
:10D120007FF426AF00BF00BF3037BD4680BD00BFD3
:10D13000E41B002480B588B002AF49E02E4B1B6889
:10D14000DB681B683B612C4B1B68DB68DB68FB60A2
:10D15000FB6804331846FEF709F9FB681B6AF86898
:10D160009847FB6893F8283003F00403002B2FD076
:10D17000FB689B693A691344BB60BA683B699A4291
:10D180000ED9FB68BA685A60FB68FA681A611A4BD4
:10D190001A68FB68043319461046FEF7AEF817E02C
:10D1A0000023009300233A690021F868FFF758FD37
:10D1B00078607B68002B0BD14FF0500383F311880C
:10D1C000BFF36F8FBFF34F8F3B6000BF00BFFDE722
:10D1D000094B1B681B68002BB0D1074B1B687B6198
:10D1E000064B1B68044A1360044A7B69136000BF46
:10D1F0001837BD4680BD00BFDC1B0024E01B0024A7
:10D2000080B582B002AF00F06FF9154B1B68002BA0
:10D2100020D11448FEF720F81348FEF71DF8134BF1
:10D22000104A1A60124B104A1A6000230093114BE7
:10D23000114A10210A20FEF72DF90346084A13600F
:10D24000074B1B68002B05D0054B1B680B49184684
:10D25000FEF752FD00F07AF900BFBD4680BD00BF69
:10D26000E41B0024B41B0024C81B0024DC1B002486
:10D27000E01B0024901C0024F01B0024040901087A
:10D2800080B485B000AFF860B9607A60FB68043B99
:10D29000FB60FB684FF080721A60FB68043BFB6028
:10D2A000BB6823F00102FB681A60FB68043BFB606B
:10D2B0000C4AFB681A60FB68143BFB607A68FB68E9
:10D2C0001A60FB68043BFB60FB686FF002021A60A7
:10D2D000FB68203BFB60FB6818461437BD465DF8D1
:10D2E000047B7047E9D2000880B485B000AF00230A
:10D2F0007B60134B1B68B3F1FF3F0BD04FF0500323
:10D3000083F31188BFF36F8FBFF34F8FFB6000BFB4
:10D3100000BFFDE74FF0500383F31188BFF36F8F19
:10D32000BFF34F8FBB6000BF00BF7B68002BFCD0FA
:10D3300000BF00BF1437BD465DF8047B704700BFD7
:10D340004801002400000000000000000000000070
:10D35000074B19680868B0E8F04F80F30988BFF3FD
:10D360006F8F4FF0000080F311887047AFF300809B
:10D37000B416002400BF00BF08480068006880F3AE
:10D3800008884FF0000080F3148862B661B6BFF3DE
:10D390004F8FBFF36F8F00DF00BF00BF08ED00E0CD
:10D3A00080B586B000AF474B1B68474A93420BD10C
:10D3B0004FF0500383F31188BFF36F8FBFF34F8F8C
:10D3C0003B6100BF00BFFDE73E4B1B683F4A9342F5
:10D3D0000BD14FF0500383F31188BFF36F8FBFF36E
:10D3E0004F8FFB6000BF00BFFDE7394B7B617B695E
:10D3F0001B78DBB27B607B69FF221A707B691B782C
:10D40000DBB2FB70FB78DBB203F05003DAB2314BD6
:10D410001A70314B07221A6009E02F4B1B68013B41
:10D420002D4A1360FB78DBB25B00DBB2FB70FB784C
:10D43000DBB203F08003802BEFD0274B1B68C3F1D6
:10D440000703042B0BD04FF0500383F31188BFF375
:10D450006F8FBFF34F8FBB6000BF00BFFDE71E4B58
:10D460001B681B021C4A13601B4B1B6803F4E06320
:10D47000194A13607B68DAB27B691A70174B1B6814
:10D48000164A43F470031360144B1B68134A43F0AD
:10D490007043136000F0DAF8114B00221A6000F0BC
:10D4A000F9F8104B1B680F4A43F040431360FFF735
:10D4B00063FFFFF739F8FFF717FF00231846183707
:10D4C000BD4680BD00ED00E071C20F4170C20F414A
:10D4D00000E400E0E01C0024E41C002420ED00E057
:10D4E0004801002434EF00E080B483B000AF4FF077
:10D4F000500383F31188BFF36F8FBFF34F8F7B60AF
:10D5000000BF104B1B6801330E4A13600D4B1B68A4
:10D51000012B10D10C4B1B68DBB2002B0BD04FF052
:10D52000500383F31188BFF36F8FBFF34F8F3B60BE
:10D5300000BF00BFFDE700BF0C37BD465DF8047BB0
:10D54000704700BF4801002404ED00E080B483B0C0
:10D5500000AF124B1B68002B0BD14FF0500383F32D
:10D560001188BFF36F8FBFF34F8F7B6000BF00BF89
:10D57000FDE70A4B1B68013B084A1360074B1B6819
:10D58000002B05D100233B603B6883F3118800BF6B
:10D5900000BF0C37BD465DF8047B7047480100248E
:10D5A000EFF30980BFF36F8F154B1A681EF0100F51
:10D5B00008BF20ED108A20E9F04F10602DE9090026
:10D5C0004FF0500080F31188BFF34F8FBFF36F8F80
:10D5D000FEF7AAFF4FF0000080F3118809BC19681C
:10D5E0000868B0E8F04F1EF0100F08BFB0EC108ACA
:10D5F00080F30988BFF36F8F704700BFAFF30080DF
:10D60000B416002400BF00BF80B582B000AF4FF059
:10D61000500383F31188BFF36F8FBFF34F8F7B608D
:10D6200000BFFEF7C7FE0346002B03D0064B4FF0AA
:10D6300080521A6000233B603B6883F3118800BF6F
:10D6400000BF0837BD4680BD04ED00E080B400AFE8
:10D650000B4B00221A600B4B00221A600A4B1B680E
:10D660000A4AA2FB03239B09094A013B1360044BAE
:10D6700007221A6000BFBD465DF8047B704700BFFB
:10D6800010E000E018E000E038010024D34D621003
:10D6900014E000E0DFF80C00016841F47001016063
:10D6A000704700BF88ED00E080B485B000AFEFF3B5
:10D6B0000583FB60FB680F2B15D9184AFB681344E0
:10D6C0001B78FB72164B1B78FA7A9A420BD24FF0FA
:10D6D000500383F31188BFF36F8FBFF34F8F7B60CD
:10D6E00000BF00BFFDE70F4B1B6803F4E0620E4B69
:10D6F0001B689A420BD94FF0500383F31188BFF394
:10D700006F8FBFF34F8F3B6000BF00BFFDE700BFCF
:10D710001437BD465DF8047B704700BFF0E300E0BE
:10D72000E01C00240CED00E0E41C002480B58AB06D
:10D7300000AF78600023FB61FEF780FD5C4B1B6847
:10D74000002B01D100F024F95A4B1A687B68134072
:10D75000002B40F095807B68002B1ED008227B6850
:10D7600013447B607B6803F00703002B15D07B68B4
:10D7700023F0070308337B607B6803F00703002B6B
:10D780000BD04FF0500383F31188BFF36F8FBFF3BB
:10D790004F8F7B6100BF00BFFDE77B68002B6FD020
:10D7A000454B1B687A689A426AD8444B3B62434BAC
:10D7B0001B687B6204E07B6A3B627B6A1B687B625E
:10D7C0007B6A5B687A689A4203D97B6A1B68002B84
:10D7D000F1D1374B1B687A6A9A4251D03B6A1B6879
:10D7E00008221344FB617B6A1A683B6A1A607B6AF1
:10D7F0005A687B68D21A08235B009A4220D97A6A59
:10D800007B681344BB61BB6903F00703002B0BD09B
:10D810004FF0500383F31188BFF36F8FBFF34F8F27
:10D820003B6100BF00BFFDE77B6A5A687B68D21A84
:10D83000BB695A607B6A7A685A60B86900F00AF975
:10D840001D4B1A687B6A5B68D31A1B4A13601A4B1C
:10D850001A681B4B1B689A4203D2174B1B68184A65
:10D8600013607B6A5A68134B1B681A437B6A5A60C1
:10D870007B6A00221A60134B1B680133114A136044
:10D88000FEF7EAFCFB6903F00703002B0BD04FF017
:10D89000500383F31188BFF36F8FBFF34F8FFB608B
:10D8A00000BF00BFFDE7FB6918462837BD4680BDB5
:10D8B000F058002404590024F4580024E8580024A7
:10D8C000F8580024FC58002480B586B000AF78607A
:10D8D0007B687B617B68002B4FD008235B427A69B1
:10D8E00013447B617B693B613B695A68254B1B682C
:10D8F0001340002B0BD14FF0500383F31188BFF37B
:10D900006F8FBFF34F8FFB6000BF00BFFDE73B6928
:10D910001B68002B0BD04FF0500383F31188BFF32B
:10D920006F8FBFF34F8FBB6000BF00BFFDE73B6948
:10D930005A68144B1B681340002B1ED03B691B68B0
:10D94000002B1AD13B695A680E4B1B68DB431A4007
:10D950003B695A60FEF772FC3B695A680A4B1B68C8
:10D960001344094A1360386900F074F8074B1B68C8
:10D970000133064A1360FEF76FFC00BF1837BD463F
:10D9800080BD00BF04590024F4580024005900242D
:10D9900080B485B000AF4FF47053BB60274BFB6081
:10D9A000FB6803F00703002B0CD0FB680733FB6018
:10D9B000FB6823F00703FB60BA68FB68D31A1F4AB1
:10D9C0001344BB60FB687B601D4A7B6813601C4B83
:10D9D00000225A607B68BA681344FB600822FB6827
:10D9E0009B1AFB60FB6823F00703FB60FB68154A8A
:10D9F0001360144B1B6800225A60124B1B680022F4
:10DA00001A607B683B603B68FA68D21A3B685A60D0
:10DA10000C4B1A683B681A603B685B680A4A1360E3
:10DA20003B685B68094A1360094B4FF000421A607B
:10DA300000BF1437BD465DF8047B7047E81C002426
:10DA4000E8580024F0580024F8580024F458002422
:10DA50000459002480B485B000AF7860284BFB6087
:10DA600002E0FB681B68FB60FB681B687A689A42EF
:10DA7000F7D8FB68BB60FB685B68BA6813447A68D8
:10DA80009A4208D1FB685A687B685B681A44FB6855
:10DA90005A60FB687B607B68BB607B685B68BA68C8
:10DAA0001A44FB681B689A4218D1FB681A68154B28
:10DAB0001B689A420DD07B685A68FB681B685B68DC
:10DAC0001A447B685A60FB681B681A687B681A6096
:10DAD00008E00C4B1A687B681A6003E0FB681A6860
:10DAE0007B681A60FA687B689A4202D0FB687A68A1
:10DAF0001A6000BF1437BD465DF8047B704700BF55
:10DB0000E8580024F05800240028B8BF404270476D
:10DB1000024B0A460146186800F002B8580100247A
:10DB200070B5A1FB02543CB9294600F03FF8064607
:10DB300028B90026304670BD0C220260F9E72A465B
:10DB4000214600F0FAFDF5E7024B0146186800F0A7
:10DB50002DB800BF58010024024B0146186801F09F
:10DB60009DBC00BF5801002470B50F4E0C463168B3
:10DB7000054611B900F04CFE30602146284600F001
:10DB800047FE431C03D14FF0FF34204670BDC41C38
:10DB900024F00304A042F8D0211A284600F038FEF1
:10DBA0000130F2D1EFE700BF085900242DE9F84316
:10DBB000CD1C25F0030508350C2D38BF0C25002D94
:10DBC000064601DBA94204D90C2333600020BDE8DE
:10DBD000F883DFF8D48000F069F8D8F800301C46EC
:10DBE00044BB29463046FFF7BFFF431C044658D1CB
:10DBF000D8F800402746002F43D1002C4BD0236893
:10DC00003946304604EB030900F002FE814542D15B
:10DC100021686D1A29463046FFF7A6FF01303AD039
:10DC200023682B442360D8F800305A6862BBC8F8D8
:10DC300000700FE02268521B20D40B2A17D96119FB
:10DC4000A342256018BF5960636808BFC8F8001078
:10DC500062514B60304600F02FF804F10B00231D99
:10DC600020F00700C21A1CBF1B1AA350AFE762685E
:10DC7000A3420CBFC8F800205A60EBE72346646853
:10DC8000AEE73C467F68B6E71A465B68A342FBD125
:10DC900000235360DEE70C233360304600F00CF8BD
:10DCA00094E70560D6E700BF0C590024014800F056
:10DCB000FCBD00BF505A0024014800F0F7BD00BF72
:10DCC000505A0024F0B52DED028BB0EE408B85B09C
:10DCD00017460D9D0C9E18EE902A25F02005002A6F
:10DCE000B6BF2D220022B1EE408B462D0C461A7095
:10DCF00004D0452D00D10134022100E0032103AB03
:10DD0000019302AB009322463346B0EE480B00F07D
:10DD10006FFE472D14D1FB070AD50219B5EE408BD3
:10DD2000F1EE10FA08BF03923021039B934219D3FE
:10DD3000039B0E9A1B1A136005B0BDEC028BF0BD5D
:10DD4000462D00EB0402E9D10378302B07D1B5EE64
:10DD5000408BF1EE10FA1CBFC4F10104346033684B
:10DD60001A44DBE75C1C03941970DEE7F7B5002961
:10DD7000BABF49422D232B2309290270437029DDA4
:10DD80000DF107031D460A271A46B1FBF7F607FBFC
:10DD90001614303402F8014C0C46632C03F1FF33A7
:10DDA0003146F1DC3031941E03F8011C411C23463E
:10DDB000AB420AD30DF109039B1AAC4288BF002382
:10DDC00002330344181A03B0F0BD13F8016B01F8D5
:10DDD000016FEDE7302330318370C170031DF1E72F
:10DDE0002DE9F04F8DB00C46DDF8588016461F46E1
:10DDF000054600F0D5FCD0F800B05846F2F7D0FA4E
:10DE000000230A93D8F8003094F8189022680590FF
:10DE1000073323F0070303F10801C8F8001093ED5E
:10DE2000000B9FED976BB0EEC07BB4EE467BF1EE3E
:10DE300010FA84ED120B24DDB5EEC00BF1EE10FAF2
:10DE400002D52D2384F843308F49904BB9F1470F09
:10DE500094BF8846984622F004020323236122607F
:10DE60004FF0000A009733460BAA2146284600F0DF
:10DE7000D1F9013040F089804FF0FF300DB0BDE89E
:10DE8000F08FB4EE400BF1EE10FA09D710EE903A95
:10DE9000002BBCBF2D2384F843307D497D4BD5E753
:10DEA0006368591C09F0DF0A39D10623636042F424
:10DEB00080620023226003930AABCDE9019309AB92
:10DEC000009361680DF123032846FFF7FBFEBAF1CA
:10DED000470F0999804629D1C81C02DB6368994223
:10DEE00041DDA9F102095FFA89F901394A4604F1D5
:10DEF00050000991FFF73AFF0A9A1318012A824647
:10DF0000236102DC2268D20701D5013323619DF829
:10DF10002330002BA6D02D2384F84330A2E7BAF19A
:10DF2000470FC4D1002BC2D10123BFE7B9F1650F60
:10DF3000DBD9B9F1660F18D1002963680BDD2161C7
:10DF400013B92268D00702D501330B442361A165C0
:10DF50004FF0000ADBE713B92268D20701D502337C
:10DF6000F4E70123F2E74FF067090A9B994205DBCA
:10DF700023682161D807EAD54B1CE7E70029D4BF05
:10DF8000C1F1020201221344E0E723685A0507D4D5
:10DF90002369424631462846B84701302AD16BE70B
:10DFA000B9F1650F40F2E08094ED127BB5EE407B55
:10DFB000F1EE10FA33D1384A012331462846B847EA
:10DFC00001303FF459AFDDE90938434502DB2368EE
:10DFD000D8070FD5059B5A4631462846B847013029
:10DFE0003FF44AAF4FF0000908F1FF3804F11A0A74
:10DFF000C84509DC23689B0700F10781E0680B9B9B
:10E000009842B8BF184639E70123524631462846A0
:10E01000B84701303FF430AF09F10109E8E7099B47
:10E02000002B3BDC1C4A012331462846B84701300F
:10E030003FF422AFDDE9093959EA030302D123682D
:10E04000D907D7D5059B5A4631462846B8470130EF
:10E050003FF412AF4FF0000A04F11A0B099B5B4228
:10E06000534501DC4B4694E701235A463146284686
:10E07000B84701303FF400AF0AF1010AEEE700BFF4
:10E08000FFFFFFFFFFFFEF7F8C09010890090108E8
:10E0900094090108980901089C090108A36DDDF89D
:10E0A00028A05345A8BF5346002B994637DC0023D0
:10E0B000079329EAE97904F11A02A36D07990693F7
:10E0C000A3EB09038B4231DC099B9A453BDC2368B7
:10E0D000DA0738D4099BAAEB0309069BAAEB0303D2
:10E0E0009945A8BF9946B9F1000F34DC4FF00008FC
:10E0F00029EAE97904F11A0B099BAAEB0303A3EBC4
:10E10000090343457FF776AF01235A463146284637
:10E11000B84701303FF4B0AE08F10108ECE74246E1
:10E1200031462846B8470130C1D1A5E60123314622
:10E1300028460692B84701303FF49EAE079B069AE8
:10E1400001330793B9E7059B5A4631462846B8473D
:10E150000130BFD190E6069A4B46424431462846EC
:10E16000B8470130C2D187E6DDF82890B9F1010F38
:10E1700001DCDB0736D50123424631462846B84745
:10E1800001303FF479AE059B5A4631462846B847E0
:10E1900001303FF471AE94ED127BB5EE407BF1EEB1
:10E1A00010FA09F1FF3918D04B4608F10102314647
:10E1B0002846B84701300CD15EE601235A46314665
:10E1C0002846B84701303FF457AE08F10108C8456A
:10E1D000F3DB534604F15002DCE64FF0000804F193
:10E1E0001A0BF4E701234246E1E701234A46314690
:10E1F0002846B84701303FF43FAE08F10108E36814
:10E200000B995B1A4345F0DCF8E64FF0000804F187
:10E210001909F4E72DE9F047164698468A680B6914
:10E22000DDF820909342B8BF1346336091F8432045
:10E2300007460C460AB1013333602368990642BF92
:10E24000336802333360256815F0060506D104F102
:10E25000190AE36832689B1AAB4226DC94F8433013
:10E260002268003B18BF012392062BD404F143021D
:10E2700041463846C84701301ED02368226903F062
:10E280000603042B02BFE5683368ED1AA3680CBFD0
:10E2900025EAE57500259342C4BF9B1AED180026B8
:10E2A0001A34B5421AD1002008E0012352464146F3
:10E2B0003846C847013003D14FF0FF30BDE8F08742
:10E2C0000135C6E7E1185A1C302081F8430022448A
:10E2D00094F8451082F843100233C7E70123224621
:10E2E00041463846C8470130E6D00136D9E700003C
:10E2F0002DE9FF470F7E0C9E782F914680460C46F5
:10E300009A4601F1430207D8622F0AD8002F00F085
:10E31000D280582F00F0B98004F1420684F8427090
:10E320003AE0A7F16303152BF6D801A151F823F0C9
:10E3300089E300089DE3000819E3000819E30008D9
:10E3400019E3000819E300089DE3000819E3000839
:10E3500019E3000819E3000819E300089DE4000828
:10E36000C7E3000857E4000819E3000819E30008B0
:10E37000BFE4000819E30008C7E3000819E3000838
:10E3800019E300085FE4000833681A1D1B68326057
:10E3900004F1420684F8423001239DE0336820688E
:10E3A000191D3160060601D51D6803E04506FBD541
:10E3B000B3F90050002D03DA2D236D4284F8433069
:10E3C00059480A2311E021683368080653F8045BB2
:10E3D00002D4490648BFADB26F2F5348336014BF13
:10E3E0000A230823002184F843106668A660002EE3
:10E3F000A2BF216821F0040121600DB9002E4BD08D
:10E400001646B5FBF3F103FB1157C75D06F8017D16
:10E410002F46BB420D46F4D9082B0BD12368DF07EA
:10E4200008D5236961689942DEBF302306F8013CB4
:10E4300006F1FF36921B2261CDF800A04B4603AADD
:10E4400021464046FFF7E6FE01304AD14FF0FF304B
:10E4500004B0BDE8F087236843F02003236033480D
:10E46000782784F84570236831681F0651F8045BEB
:10E4700002D45F0648BFADB23160D90744BF43F054
:10E48000200323601DB11023ACE72748E9E7236888
:10E4900023F020032360F6E71646BDE733682568BE
:10E4A0006169181D30602E061B6801D5196002E0F5
:10E4B0006806FBD51980002323611646BCE7336844
:10E4C0001A1D32601E68626800213046F1F718FF9D
:10E4D00008B1801B606063682361002384F84330C7
:10E4E000AAE72369324649464046D0470130ADD0BD
:10E4F00023689B0713D4E068039B9842B8BF184673
:10E50000A6E70123324649464046D04701309DD018
:10E510000135E36803995B1AAB42F2DCEBE70025B7
:10E5200004F11906F5E700BF9E090108AF090108CB
:10E53000002310B50446C0E90033C0E9043383600A
:10E5400081814366C2818361194608225C3000F0F4
:10E55000F4F80D4B63620D4BA3620D4BE3620D4B60
:10E5600023630D4B24629C4206D003F1680294425F
:10E5700002D0D0339C4205D104F15800BDE81040D0
:10E5800000F092B910BD00BFB5E60008D7E600085C
:10E590000FE7000833E7000810590024024A034936
:10E5A000034800F069B800BF4C0100243DFD00089D
:10E5B0005C01002441680C4B994210B5044601D01F
:10E5C00001F0BCFBA168094B994202D0204601F042
:10E5D000B5FBE168064B994204D02046BDE81040E7
:10E5E00001F0ACBB10BD00BF1059002478590024C5
:10E5F000E059002410B50B4B0B4C0C4A1A60204616
:10E6000000220421FFF794FF04F168000122092190
:10E61000FFF78EFF04F1D0000222BDE81040122166
:10E62000FFF786BF485A0024105900249DE50008D2
:10E63000014800F03AB900BF515A0024014800F0E7
:10E6400035B900BF515A002410B50446FFF7F0FF5A
:10E65000236A1BB1BDE81040FFF7F0BF044B2362F3
:10E66000044B1B68002BF5D1FFF7C4FFF2E700BF96
:10E67000B5E50008485A00242DE9F84307468846C6
:10E6800014460026D4E90195B9F1010905D524689D
:10E69000002CF7D13046BDE8F883AB89012B07D9B0
:10E6A000B5F90E30013303D029463846C04706433A
:10E6B0006835E9E710B50C46B1F90E1000F096F890
:10E6C0000028ABBF636DA3891B1823F48053ACBF34
:10E6D0006365A38110BD2DE9F0411F468B89DB05E1
:10E6E00005460C46164605D5B1F90E100223002248
:10E6F00000F06AF8A389B4F90E1023F48053A381C3
:10E7000032463B462846BDE8F04100F091B810B5CE
:10E710000C46B1F90E1000F057F8431CA38915BF41
:10E72000606523F4805343F48053A38118BFA38111
:10E7300010BDB1F90E1000F037B802440346934201
:10E7400000D1704703F8011BF9E7000030B50B4D0D
:10E75000044614F8013BEA5C02F00302012A11F8B6
:10E76000012BA85C00F0030008BF2033012808BF7C
:10E770002032981A01D1002AEBD130BDA90B010833
:10E7800010B50246147813460132002CFAD1013B31
:10E7900011F8012B03F8012F002AF9D110BD000058
:10E7A000004870479802002438B5064D00230446FF
:10E7B00008462B60F5F740F8431C02D12B6803B1E3
:10E7C000236038BD4C5A002438B5074D044608462E
:10E7D000114600222A601A46F5F755F8431C02D16B
:10E7E0002B6803B1236038BD4C5A002438B5074D5F
:10E7F00004460846114600222A601A46F4F7E3FF51
:10E80000431C02D12B6803B1236038BD4C5A00244D
:10E8100038B5064D0023044608462B60F5F740F84E
:10E82000431C02D12B6803B1236038BD4C5A00242D
:10E8300038B5074D04460846114600222A601A469C
:10E84000F4F7DEFF431C02D12B6803B1236038BD0F
:10E850004C5A0024014B1868704700BF580100242F
:10E8600070B50D4D0D4C641BA4100026A64209D1B5
:10E870000B4D0C4C01F09CFF641BA4100026A6421B
:10E8800005D170BD55F8043B98470136EEE755F8C1
:10E89000043B98470136F2E79815010898150108DE
:10E8A000981501089C15010870477047704703468A
:10E8B00011F8012B03F8012B002AF9D170470A4403
:10E8C000914200F1FF3300D1704710B511F8014BB0
:10E8D00003F8014F9142F9D110BD2DE9F74F0369BB
:10E8E0000C69A34207467EDB013C01F11408A3003A
:10E8F00000F11405009305EB8403019358F82430CC
:10E9000055F8242001339A4208EB8409B2FBF3F650
:10E910002ED34FF0000AC446AE46D3465CF8043B03
:10E9200098B206FB00A0020C1B0C06FB0323DEF8CA
:10E93000002080B292B2121A5A44DEF800004FEA68
:10E94000134A9BB2C3EB224303EB104392B242EA59
:10E950000342E1454EF8042B4FEA234BDED2009BE5
:10E96000EB582BB9019B043B9D421A462FD33C61C7
:10E97000384601F057F8002825DB2946002058F8D2
:10E98000042BD1F800C01FFA82FE1FFA8CF3A3EB10
:10E990000E030344120CC2EB234202EB1C429BB257
:10E9A00043EA0243C14541F8043B4FEA2240E6D224
:10E9B00055F8242005EB840322B9043B9D421A46F6
:10E9C0000BD33C610136304603B0BDE8F08F1268CE
:10E9D000043B002ACBD1013CC6E71268043B002A65
:10E9E000EFD1013CEAE70020EEE700000000000064
:10E9F0002DE9F04F2DED028BC76991B08DED020B23
:10EA000055EC104B1C9E0791814609920D937FB9DE
:10EA10001020FFF799F80246C9F81C0020B9A04B56
:10EA2000EF21A04801F0B2F9C0E901770760C760A3
:10EA3000D9F81C30196859B15A684A6001239340CB
:10EA40008B60484600F0B4FDD9F81C3000221A60F3
:10EA50002B1EBBBF23F00043039300230122ACBF56
:10EA600033603260904B039EB34310D10D9A42F253
:10EA70000F731360C6F31303234300F0DE841D9B62
:10EA80008A4F002B00F0E084FB1C00F0DBBC9DED06
:10EA9000028BB5EE408BF1EE10FA0AD10D9A0123EC
:10EAA00013601D9B13B11D9A814B1360814F00F0C1
:10EAB000CBBC0EAA0FA94846B0EE480B01F062F895
:10EAC000C6F30A530E9A0190002B45D0B0EE487B56
:10EAD00018EE901AC1F3130141F07F5141F4401137
:10EAE000A3F2FF33002507EE901AB7EE086B9FEDF7
:10EAF000665B37EE467B9FED666BA7EE056B9FED81
:10EB0000665B07EE903AB8EEE74BB0EE467BA4EEBC
:10EB1000057BFDEEC76BB5EEC07BF1EE10FA16EE8D
:10EB2000908A08D5B8EEE66BB4EE476BF1EE10FABA
:10EB300018BF08F1FF38B8F1160F2BD85E4901EB6A
:10EB4000C80191ED007BB4EEC78BF1EE10FA01D550
:10EB500008F1FF3800211EE00F9B134403F23241FD
:10EB60002029C1BFC1F140018E4003F2124124FAB5
:10EB700001F1D6BFC1F12001314304FA01F107EEE2
:10EB8000901AB8EE677B013B17EE901A0125A1F1B0
:10EB9000F871A8E70121D21A531E069345BFC2F1AE
:10EBA00001030593002300234CBF06930593B8F19E
:10EBB000000F0C9118DB069BCDF828804344069388
:10EBC0000023079A092A49D8052AC4BF043A0792A4
:10EBD000079AA2F10202CCBF00240124032A48D8DC
:10EBE000DFE802F00B2E2C3A059B0022A3EB080372
:10EBF00005930A92C8F10003E3E700220892099AFC
:10EC0000002A39DC4FF0010BDA465A46CDF824B021
:10EC1000D9F81C700021042000F11406964230D966
:10EC200079604846049300F083FC049B0746002863
:10EC300046D1224B024640F2AF11F2E60122DDE757
:10EC400000220892099A08EB020B0BF1010A5246C6
:10EC5000012AB8BF0122DBE70122F2E701240022EA
:10EC6000CDE907244FF0FF3B0021DA46122209913B
:10EC7000CEE701220892F5E7DDF824B0DA465A46DD
:10EC8000C6E701314000C7E761436F63A787D23F02
:10EC9000B3C8608B288AC63FFB799F501344D33F8B
:10ECA000CD090108E40901080000F07FC909010845
:10ECB0009D0901089C090108E00A01083C0A0108B5
:10ECC000D9F81C20BAF10E0F10606FD8002C6DD04F
:10ECD000B8F1000F40F3C280CA4A08F00F0102EBFE
:10ECE000C10218F4807F92ED007B4FEA281100F0FA
:10ECF000A980C54A92ED086B88EE066B8DED026B1C
:10ED000001F00F010322C048002940F09D809DEDD5
:10ED1000026B86EE077B8DED027B0C999DED027BED
:10ED2000002900F0C180B7EE006BB4EEC67BF1EEB7
:10ED300010FA40F1B980BAF1000F00F0B580BBF1D4
:10ED4000000F31DDB2EE046B27EE067B8DED027B0A
:10ED500008F1FF31049101325C469DED026BB1EE8A
:10ED60000C5B07EE902AB8EEE77BA7EE065B15EE8C
:10ED7000902A51EC150BA2F15071002C40F09880B4
:10ED8000B1EE047B36EE476B41EC170BB4EEC76B6C
:10ED9000F1EE10FA00F36182B1EE477BB4EEC76B7F
:10EDA000F1EE10FA00F1F5808DED028B0F9A002A3A
:10EDB000C0F22C81B8F10E0F00F32881914B03EBC8
:10EDC000C80393ED006B099B002B03DABAF1000F27
:10EDD00040F3D280B2EE044B9DED027B3E4687EEBF
:10EDE000065BBDEEC55B15EE103A303306F8013B0D
:10EDF000F31B9A45B8EEC53BA3EE467B40F0F88086
:10EE000037EE077BB4EEC67BF1EE10FA00F3DD803F
:10EE1000B4EE467BF1EE10FA04D115EE103ADB07A2
:10EE200000F1D3800199484600F0C2FB00230D9AFF
:10EE3000337008F1010313601D9B002B00F0048365
:10EE40001E6001E302225EE7CC0704D590ED006B63
:10EE5000013227EE067B4910083055E722D0C8F171
:10EE60000001684A01F00F0002EBC00292ED007B46
:10EE700028EE077B8DED027B6348091100240222F6
:10EE800029B9002C3FF449AF8DED027B45E7CE0751
:10EE900005D590ED006B0132012427EE067B491069
:10EEA0000830EDE7022238E7CDF81080544654E7E9
:10EEB000544A02EBC40212ED024B089A41EC170BC4
:10EEC0003C444AB3B6EE003BB7EE002B3E4683EE21
:10EED000045BB2EE043B35EE477BFDEEC64B14EE11
:10EEE000902AB8EEE45B303236EE456BB4EEC76B79
:10EEF000F1EE10FA06F8012B38D432EE465BB4EE90
:10EF0000C75BF1EE10FA62D4A6423FF44DAF27EE94
:10EF1000037B26EE036BE0E721463E4627EE047BAB
:10EF2000B2EE043BFDEEC64B14EE902A303206F8EA
:10EF3000012BA642B8EEE45B36EE456B19D1B6EE76
:10EF4000005B37EE054BB4EEC46BF1EE10FA3EDC1D
:10EF500035EE475BB4EEC56BF1EE10FA7FF524AFEA
:10EF60000E46013916F8013C302BF9D0DDF810803F
:10EF700058E726EE036BD5E70BD1B1EE047B26EE06
:10EF8000076B9DED027BB4EEC76BF1EE10FAC0F299
:10EF9000618100242546099BDB4304933E464FF0E4
:10EFA00000082146484600F003FB002DDED0B8F1F2
:10EFB000000F05D0A84503D04146484600F0F8FAB6
:10EFC0002946484600F0F4FAD0E7CDF810803346E1
:10EFD0001E4613F8012D392A06D19F42F8D1049A12
:10EFE0000132049230223A701A7801321A70BDE769
:10EFF00027EE047BB5EE407BF1EE10FA7FF4EFAE26
:10F0000010E700BFE00A0108B80A010808990029C2
:10F0100000F0E3800799012900F3C880002D00F07B
:10F02000C18002F23342059E1C460493059B1344A3
:10F030000593069B012113444846069300F06CFBA0
:10F04000049B054666B1069A002A09DDB24205997D
:10F05000A8BF3246891A05910699B61A8A1A0692ED
:10F06000FBB1089A002A00F0BC809CB129462246D8
:10F0700048460B9300F010FC019A014605464846AD
:10F0800000F060FB01990490484600F091FA049A60
:10F090000B9B01921A1B04D00199484600F0FCFB1F
:10F0A00001900121484600F037FB0A9B0446002BE3
:10F0B00000F0D0811A460146484600F0EDFB079B60
:10F0C000012B044600F39580029B002B40F08B80BF
:10F0D000039BC3F31302002A40F0878023F0004211
:10F0E000120D1205002A00F08280059B0133059362
:10F0F000069B0133069301230B930A9B002B00F020
:10F10000AF81226904EB8202106900F0B9FAC0F104
:10F110002000069B184410F01F0076D0C0F120029A
:10F12000042A69DD059BC0F11C0003440593069B7E
:10F13000064403440693059B002B05DD01991A46FE
:10F14000484600F003FC0190069B002B05DD21469C
:10F150001A46484600F0FAFB04460C9B002B56D09A
:10F160000198214600F05EFC002850DA08F1FF33D8
:10F170000493019900230A22484600F03BFA089BB9
:10F180000190002B00F06E81294600230A22484698
:10F1900000F030FABBF1000F054664DC079B022B40
:10F1A0003EDC60E00E9AC2F136023CE70AF1FF3421
:10F1B000A342BFBFE21A0A9B9B180A93AEBF1C1B57
:10F1C00023460024BAF1000FB5BF059A059EA2EBB5
:10F1D0000A065246B8BF002227E7059E089D1C4636
:10F1E00030E71A4658E7002386E7029B84E70B9234
:10F1F00083E700230B9384E79DD0059B1C321344C7
:10F200000593069B1644134494E70246F5E7BAF1CA
:10F21000000FCDF81080D34621DC079B022B1EDDAA
:10F22000BBF1000F7FF4B7AE21465B46052248468E
:10F2300000F0E0F901460446019800F0F3FB0028D5
:10F240007FF7A9AE3E46312306F8013B049B01330C
:10F250000493A4E6CDF8108054462546F2E7089BB7
:10F26000002B00F00381002E05DD2946324648467A
:10F2700000F06CFB05460B9B002B58D06968484694
:10F2800000F056F9064628B9824B024640F2EF21BB
:10F29000FFF7C7BB2A690232920005F10C010C305E
:10F2A000FFF70DFB01223146484600F04FFB7B1C67
:10F2B000059307EB0B030993029B03F00103A84698
:10F2C00008930546059B0198214603F1FF3BFFF794
:10F2D00004FB4146029000F1300A019800F0A2FBC5
:10F2E0002A4606902146484600F0B8FBC26806460A
:10F2F000FAB90146019800F095FB024631464846AE
:10F300000A9200F055F9079B0A9A059E43EA02010A
:10F31000089B19430FD1BAF1390F28D0069B002B57
:10F3200002DD029B03F1310A8BF800A039E6284682
:10F33000BDE70122E2E7069B002B04DB07990B43A4
:10F3400008990B4320D1002AEEDD0199012248469D
:10F3500000F0FCFA2146019000F064FB002803DC79
:10F36000E2D11AF0010FDFD0BAF1390FD9D1392328
:10F370008BF8003033461E46013B16F8012C392A23
:10F3800053D001321A700CE6002A07DDBAF1390FAA
:10F39000EDD00AF101038BF8003002E6059B059AD7
:10F3A00003F801AC099B934229D0019900230A225A
:10F3B000484600F01FF9A84501904FF000034FF0B8
:10F3C0000A024146484607D100F014F98046054636
:10F3D000059B0133059375E700F00CF9294680463B
:10F3E00000230A22484600F005F90546F0E7BBF184
:10F3F000000FCCBF5E4601263E444FF00008019945
:10F400000122484600F0A2FA2146019000F00AFBD2
:10F410000028AFDC02D11AF0010FABD133461E46F3
:10F4200013F8012D302AFAD0BBE59F42A3D1049BEB
:10F430000133049331233B70B3E51D9B164F1BB181
:10F4400007F108031D9A1360384611B0BDEC028B1A
:10F45000BDE8F08F079B012B7FF736AE0A9B0B931D
:10F46000012056E6BBF1000F7FF7D7AE3E4601986C
:10F470002146FFF732FA00F1300A06F801ABF21B21
:10F480009345B4DD019900230A22484600F0B2F802
:10F490000190ECE73C0A0108C009010838B50546AF
:10F4A000002941D051F8043C0C1F002BB8BFE418D0
:10F4B000FEF7FCFB1D4A136833B9636014602846ED
:10F4C000BDE83840FEF7F8BBA34208D920682118F0
:10F4D0008B4201BF19685B6809182160EDE71A4685
:10F4E0005B680BB1A342FAD911685018A0420BD146
:10F4F00020680144501883421160E0D118685B68AD
:10F50000536008441060DAE702D90C232B60D6E779
:10F51000206821188B4204BF19685B68636004BFD0
:10F52000091821605460CAE738BD00BF0C59002497
:10F5300070B5C66904460D4676B91020FEF704FB87
:10F540000246E06120B9184B18486B2100F01EFC00
:10F55000C0E901660660C660E669F36883B1E369E5
:10F56000DB6853F82500B8B9012101FA05F6721DD0
:10F5700092002046FEF7D4FA60B1C0E901560EE0D1
:10F58000212204212046FEF7CBFAE369F060DB6814
:10F59000002BE4D1002070BD026843F82520002331
:10F5A000C0E90333F7E700BFCD0901084D0A0108A0
:10F5B00070B5C66905460C4676B91020FEF7C4FA48
:10F5C0000246E86120B9094B09488F2100F0DEFBB3
:10F5D000C0E901660660C6603CB1EB696268DB6841
:10F5E00053F82210216043F8224070BDCD09010874
:10F5F0004D0A01082DE9F0410D6907460C461E46EB
:10F6000001F1140C0020DCF8003099B202FB01611A
:10F610001E0C0B0C02FB063389B2013001EB0341D7
:10F6200085424CF8041B4FEA1346ECDC0EB3A3688A
:10F63000AB4219DC616838460131FFF779FF80463B
:10F6400028B902460C4B0D48BA2100F09FFB2269F5
:10F65000023204F10C0192000C30FFF730F9214620
:10F660003846FFF7A5FF444604EB850301355E618C
:10F6700025612046BDE8F0813C0A01084D0A0108D9
:10F68000B0F5803F034636BF030400201020B3F1DD
:10F69000807F3CBF1B020830B3F1805F3CBF1B0181
:10F6A0000430B3F1804F3CBF9B000230002B05DBE0
:10F6B00013F0804F00F1010008BF2020704703685D
:10F6C000024613F007000BD0D90721D4980749BF91
:10F6D0005B089B08012013605CBF13600220704729
:10F6E00099B209B91B0C1020D9B209B908301B0A0C
:10F6F000190704BF1B090430990704BF9B08023097
:10F70000D90703D45B0800F1010003D013607047F0
:10F71000002070472020704710B50C460121FFF7EC
:10F7200007FF024628B9054B054840F2451100F095
:10F730002DFB01234461036110BD00BF3C0A010899
:10F740004D0A01082DE9F04F14460A6923699A42CF
:10F75000A8BF23460F46A4BF0C461F46D4F810A0EE
:10F76000D7F81090A36861680AEB0906B34285B028
:10F77000B8BF0131FFF7DCFE30B90246444B4548C3
:10F780004FF4B17100F002FB00F1140505EB86089F
:10F790002B460022434521D307F1140104F1140242
:10F7A00002EB8A0201EB89030293131B153B23F042
:10F7B0000303043304F11507BA4238BF042301934D
:10F7C000029B03918B420CD8002E03DD58F8043DB8
:10F7D000002B5BD0066105B0BDE8F08F43F8042B29
:10F7E000D8E7B1F800A0BAF1000F24D004F1140E4C
:10F7F000A9464FF0000C5EF8047BD9F800301FFAE0
:10F8000087FB9BB20AFB0B334FEA174BD9F800700A
:10F8100063444FEA174C0AFB0BC707EB13479BB235
:10F8200043EA0743724549F8043B4FEA174CE2D8D4
:10F83000019B45F803C0039BB3F802900431B9F172
:10F84000000F21D02B6804F1140CAE464FF0000AD3
:10F85000BCF800B0BEF8027009FB0B7757449BB2AE
:10F8600043EA07434EF8043B5CF8043B4FEA134A73
:10F87000BEF8003009FB0A3303EB174362454FEA39
:10F88000134AE5D8019FEB51043599E7013E9BE708
:10F890003C0A01084D0A01082DE9F843154612F00B
:10F8A000030207460E4607D0254C013A002354F8C0
:10F8B0002220FFF79FFE0646AD103DD0FC697CB9C3
:10F8C0001020FEF741F90246F86128B91D4B1E4889
:10F8D00040F2B31100F05AFAC0E901440460C46078
:10F8E000D7F81C80D8F808404CB940F2712138464E
:10F8F000FFF712FF0023C8F80800044603604FF02A
:10F900000009EB070AD5314622463846FFF71AFFB1
:10F91000314680463846FFF74BFE46466D100BD009
:10F92000206838B9224621463846FFF70BFF206091
:10F93000C0F800900446E4E73046BDE8F88300BF15
:10F94000A80A0108CD0901084D0A01082DE9F04770
:10F950000C464968236903EB6218A3680746914681
:10F960004FEA621A08F10106B3420BDB3846FFF793
:10F97000DFFD054648B90246284B29484FF4EF7190
:10F9800000F004FA01315B00EEE7002300F11401FE
:10F9900000F110021846534533DB20692AEAEA7A5F
:10F9A00004F1140319F01F0901EB8A0103EB800C29
:10F9B0002BD0C9F1200E8A460022186800FA09F0FF
:10F9C00010434AF8040B53F8042B9C4522FA0EF21C
:10F9D000F3D8ACEB0403153B23F00303043304F129
:10F9E0001500844538BF0423CA500AB108F1020645
:10F9F000013E38462E612146FFF7DAFD2846BDE874
:10FA0000F08742F8040F0133C5E7043953F8042B9B
:10FA100041F8042F9C45F9D8EAE700BF3C0A0108E9
:10FA20004D0A01080A6903460069801A30B50ED1F3
:10FA30001433143103EB820401EB820154F8045DAA
:10FA400051F8042D954203D005D24FF0FF3030BD60
:10FA5000A342F3D3FBE70120F9E700002DE9F74FBC
:10FA600089460646114648461446FFF7DBFF051E49
:10FA700012D129463046FFF75BFD024628B93F4BBD
:10FA800040F237213E4800F081F90123C0E90435F6
:10FA9000104603B0BDE8F08FBCBF4B46A1463046D0
:10FAA000D9F80410BABF1C4601250025FFF740FD18
:10FAB000024618B9314B40F24521E3E7D9F81070FE
:10FAC0002669C56009F1100309F1140504F1140E4B
:10FAD00000F1140B05EB87080EEB86060193D9465F
:10FAE0004FF0000C019B5EF8040B53F804AF019338
:10FAF0001FFA8AF3194683B2CB1A000C6344C0EB99
:10FB00001A4000EB23409BB243EA0043764549F894
:10FB1000043B4FEA204CE5D8331B153B23F003038D
:10FB200015340433A64238BF04231D445B441E46EB
:10FB30002C4644450ED308F10301491B21F0030173
:10FB4000033DA84538BF00210B4453F8041D91B173
:10FB500017619DE754F8041BE646080C1CFA81FC6B
:10FB6000714400EB2C4089B241EA004146F8041B85
:10FB70004FEA204CDDE7013FE7E700BF3C0A010800
:10FB80004D0A01082DE9F7430F46012159EC108B6E
:10FB90001646FFF7CDFC044630B90246234B2448F5
:10FBA00040F20F3100F0F2F8C9F30A55C9F313031C
:10FBB0000DB143F480130193B8F1000323D06846DC
:10FBC0000093FFF77CFDDDE90012D0B1C0F1200306
:10FBD00002FA03F30B43C24063610192019BA361EC
:10FBE000002B0CBF012202222261A5B1A5F23345F0
:10FBF00005443D60C0F135003060204603B0BDE8EB
:10FC0000F0836161EAE701A8FFF759FD019B636199
:10FC100020300122E8E704EB8203A0F23240386092
:10FC20001869FFF72DFDC0EB4210E5E73C0A01081B
:10FC30004D0A0108B1F90C202DE9F04116070546DF
:10FC40000C4654D44B68002B02DC0B6C002B48DDB7
:10FC5000E66A002E45D0002312F480522F68216AF4
:10FC60002B6030D0626DA389590705D56368D21A1D
:10FC7000636B0BB1236CD21A0023E66A216A284613
:10FC8000B047431CA38906D129681D292BD82A4ACD
:10FC90000A41D60727D400226260D9042269226073
:10FCA00004D5421C01D12B6803B96065616B2F60DC
:10FCB000B9B104F14403994202D02846FFF7EEFBA4
:10FCC000002363630DE001232846B0470246501C21
:10FCD000C9D12B68002BC6D01D2B01D0162B1ED1ED
:10FCE0002F60002022E043F040031BB21BE00F69AD
:10FCF000002FF6D093070E6808BF4B690F6018BF3E
:10FD00000023A6EB07088B60B8F1000FE9DD216A3C
:10FD1000A66A43463A462846B047002808DCB4F9AC
:10FD20000C3043F04003A3814FF0FF30BDE8F08179
:10FD30000744A8EB0008E7E7FEFFBFDF38B50B6913
:10FD400005460C4613B90025284638BD18B1036A8C
:10FD50000BB9FEF779FCB4F90C30002BF3D0626ECE
:10FD6000D00704D4990502D4A06DFEF79EFD284665
:10FD70002146FFF75FFF636EDA070546E4D4A389E7
:10FD80009B05E1D4A06DFEF791FDDDE71FB514469C
:10FD90001A46094B1B680546D86854B9074B1C46E0
:10FDA000CDE9013400912B46054900F02DF800F013
:10FDB0003DF8044BF4E700BF58010024EE0C0108A5
:10FDC000C00C0108B30C010882B001B901A942B10D
:10FDD0004BB113780B601278101E18BF012002B0CF
:10FDE00070471046FBE76FF00100F8E7034608464E
:10FDF00041B1FF2A04D98A221A604FF0FF307047C0
:10FE00000A700120704700000EB403B5014603AB31
:10FE1000054853F8042B0068019300F037F802B04E
:10FE20005DF804EB03B070475801002408B50620C4
:10FE300000F000FA0120F3F7BBFC9368013B002BB4
:10FE400010B4936008DA9469A34201DB0A2903D154
:10FE50005DF8044B00F032B91368581C106019703B
:10FE600008465DF8044B7047F8B506460F46144641
:10FE7000D518AC4201D1002007E014F8011B3A4626
:10FE80003046FFF7DAFF431CF3D1F8BD2DE9F04F00
:10FE90000D469DB014469846064618B1036A0BB944
:10FEA000FEF7D2FB6B6ED90705D4AB899A0502D455
:10FEB000A86DFEF7FAFCAB891B0701D52B699BB92E
:10FEC0002946304600F038F970B16B6EDC0704D576
:10FED0004FF0FF301DB0BDE8F08FAB899805F7D427
:10FEE000A86DFEF7E3FCF3E70023099320238DF8C8
:10FEF0002930CDF80C803023DFF8AC818DF82A3022
:10FF00004FF0010923469A4613F8012B0AB1252A1E
:10FF1000F9D1BAEB040B0BD05B462246294630469A
:10FF2000FFF7A2FF013000F0A780099A5A44099216
:10FF30009AF80030002B00F09F8000234FF0FF3232
:10FF4000CDE905230AF1010A049307938DF8533094
:10FF50001A935446052214F8011B5348F0F7D0F9C0
:10FF6000049AD8B9D10644BF20238DF85330130723
:10FF700044BF2B238DF853309AF800302A2B15D02C
:10FF8000079A544600204FF00A0C214611F8013B15
:10FF9000303B092B4BD9B0B1079214E0A0EB08031A
:10FFA00009FA03F313430493A246D2E7039B191DF6
:10FFB0001B680391002BBBBF5B4242F00202079318
:10FFC0000793B8BF049223782E2B0AD163782A2B8B
:10FFD00032D1039B1A1D1B68039243EAE373023478
:10FFE0000593DFF8D4A0217803225046F0F788F972
:10FFF00038B1049BA0EB0A00402282401343013435
:020000040801F1
:10000000049314F8011B29488DF828100622F0F7F4
:1000100077F900283FD0264B1BBB039B073323F007
:10002000070308330393099B3B4409936AE70CFBDE
:1000300002320C460120A8E700230134059319463B
:100040004FF00A0C204610F8012B303A092A03D948
:10005000002BC6D00591C4E70CFB01210446012307
:10006000F0E703AB00932A46124B04A93046FDF794
:10007000B7FE0746781CD6D16B6ED90705D4AB897D
:100080009A0502D4A86DFEF711FCAB895B063FF51B
:100090001FAF09981EE703AB00932A46054B04A93E
:1000A0003046FEF725F9E4E7EF0C0108F90C0108EA
:1000B000E1DD000869FE0008F50C0108F8B50E4600
:1000C0001446054618B1036A0BB9FEF7BDFAA369D9
:1000D000A360A3891A0701D5236943B9214628469D
:1000E00000F02AF818B14FF0FF373846F8BD236802
:1000F0002269981A6369F6B28342374605DC2146C5
:100100002846FFF71BFE0028EDD1A368013BA36042
:1001100023685A1C22601E706269431C9A4204D0F4
:10012000A389DB07E1D50A2EDFD121462846FFF758
:1001300005FE0028D9D0D6E738B5294B0546186802
:100140000C4618B1036A0BB9FEF77EFAB4F90C300D
:10015000190722D4DA0607D409222A6043F04003A3
:10016000A3814FF0FF3033E0580712D5616B41B1E6
:1001700004F14403994202D02846FFF78FF9002387
:100180006363A38923F02403A381002363602369AD
:100190002360A38943F00803A38123694BB9A38992
:1001A00003F42073B3F5007F03D02146284600F006
:1001B00083F8B4F90C3013F001020AD00022A260D7
:1001C00062695242A261226942B913F08000C5D12E
:1001D00038BD990758BF6269A260F4E70020F7E7CD
:1001E000580100241F2938B505460C4604D91623AA
:1001F00003604FF0FF3038BDC26B12B152F82130AE
:100200004BB9284600F030F8224601462846BDE8A2
:10021000384000F017B8012B0AD0591C03D116231F
:1002200003600120E7E7002142F8241020469847A8
:100230000020E0E7024B01461868FFF7D3BF00BF7C
:100240005801002438B5074D0023044608461146DE
:100250002B60F3F79DFA431C02D12B6803B1236096
:1002600038BD00BF4C5A0024F3F78ABA70B50C466B
:10027000B1F90E10002996B015461E460DDAA38975
:1002800013F0800F4FF0000114BF40234FF4806340
:10029000002031602B6016B070BD6A4600F048F84F
:1002A0000028ECDB019901F47041A1F5005359429B
:1002B00059414FF48063EBE78B89F7B59D070646FC
:1002C0000C4607D504F147032360236101236361D2
:1002D00003B0F0BD01AB6A46FFF7C8FF009F0546BB
:1002E00039463046FDF762FC48B9B4F90C309A053E
:1002F000EED423F0030343F00203A381E2E7A389D2
:10030000206043F08003A381019BC4E904075BB133
:10031000B4F90E10304600F01DF828B1A38923F07F
:10032000030343F00103A381A3891D43A581CFE704
:1003300038B5074D00230446084611462B60F3F7F5
:1003400087FA431C02D12B6803B1236038BD00BF7C
:100350004C5A002438B5064D0023044608462B604D
:10036000F3F786FA431C02D12B6803B1236038BD32
:100370004C5A00240000000008B52DED028BB0EEB1
:10038000408B00F079F8B4EE488BF1EE10FA0FD6FE
:10039000B5EEC08BF1EE10FA0AD8B5EE408BF1EE57
:1003A00010FA08D1FEF756FA9FED090B22230360DD
:1003B000BDEC028B08BDFEF74DFABDEC028B21238C
:1003C0000360BDE80840044800F00AB8AFF30080BD
:1003D000000000000000F0FFEE0C0108000000002B
:1003E0009FED010B704700BF000000000000F87F88
:1003F00010EE903AC3F30A51A1F2FF32132A10B55E
:1004000010EE104A1DDC002A0DDA03F00043013221
:1004100004BF43F07F5343F44013002219461046B3
:1004200041EC100B14E01348104100EA0301214392
:100430000ED04FF4002141FA02F2134423EA0003E4
:10044000EBE7332A05DDB2F5806F01D130EE000B0A
:1004500010BDA1F213414FF0FF30C8402042F7D049
:10046000C2F1330101228A40121928BF013322EA66
:100470000002D3E7FFFF0F0010B510EE903AB3F57E
:10048000801F2DED028B21DA10EE101A23F00042AE
:100490000A4308D19FED226B9FED237B86EE070B6D
:1004A000BDEC028B10BD002B02DA30EE406BF3E79F
:1004B0009FED1F7B20EE070B10EE903A6FF0350298
:1004C00023498B4204DD30EE000BE9E70022F7E719
:1004D0001815A0F2FF301044C3F3130140F2FF34AB
:1004E00000EBD07308EE103AA4EBD07053EC102B55
:1004F00041EA005343EC102B00F02EF89FED0E7BE9
:1005000020EE070B9FED0E7BB8EEC88BA8EE070B15
:100510009FED0D7BA8EE070BC2E700BFAFF3008095
:1005200000000000000050C30000000000000000B8
:1005300000000000000050430EE526157BCBDB3F9A
:10054000362BF111F3FE593D00609F501344D33F09
:10055000FFFFEF7F00000000F0B410EE900A10EEF5
:10056000103A4FF0FF349C4200F14041704C01F5CD
:1005700090118C412DED028B4FEA10425AD36D4AF7
:10058000904208BF002B00F0C480B7EE007B30EE35
:10059000470B694B20EE002B93ED126B20EE024BC4
:1005A00093ED107BA6EE007B93ED146B93ED185B3F
:1005B000A6EE027B93ED166BA5EE006B93ED1A5B36
:1005C00093ED1E3BA5EE026B93ED1C5BA3EE005B6F
:1005D00093ED203BA3EE025B93ED223BA3EE045B85
:1005E000A5EE046B93ED0E5BA6EE047BB0EE472BFD
:1005F0009FED497BB0EE406BB0EE403BA0EE076B49
:10060000A0EE476B30EE468B26EE061BA1EE053BB7
:1006100030EE437B30EE060BA1EE057B25EE085B4A
:10062000A5EE007BA2EE047B33EE070BBDEC028B44
:10063000F0BC7047A2F1100447F6DF718C4223D959
:10064000D91840EB0004214305D1BDEC028B0120F9
:10065000F0BC00F085B83949884208BF002BE5D0CE
:10066000130403D447F6F073934304D1BDEC028B1B
:10067000F0BC00F08DB89FED2A7B20EE077B53EC99
:10068000172BA3F15070134600F140422A49BFEEE8
:10069000005B02F5D012C2F34634150D01EB041CC9
:1006A0002D059CED247B1E1E471B47EC166B121577
:1006B000A7EE065B07EE902A25EE052BB8EEE76B5A
:1006C00091ED004B25EE021B9CED267BA4EE067BF4
:1006D00035EE074B37EE440B91ED027B30EE050B08
:1006E000A7EE060B91ED047B91ED086BA7EE020BD4
:1006F00091ED067B91ED0C3BA6EE057B91ED0A6B2F
:10070000A3EE056BA6EE027BA1EE070B30EE040B09
:100710008CE79FED050B89E7000000000000A04179
:100720000000000000003043000000000000000056
:10073000FF0803000000F03F000D01080000F07FFB
:1007400010B52DED028BB0EE408B0446FEF782F81B
:10075000B0EE480BBDEC028B046010BD0000000041
:1007600082B00028BFEE006BB7EE007B07FE067B71
:100770008DED007B9DED000B9FED037B222080EE35
:10078000070B02B0FFF7DCBF000000000000000014
:10079000B0EE407BB4EE477BF1EE10FA30EE406BEA
:1007A00086EE060B02D62120FFF7CABF7047000075
:1007B000F8B500BFF8BC08BC9E467047F8B500BF4E
:0807C000F8BC08BC9E4670471E
:1007C80000000000706172616D65746572730000ED
:1007D8005645520076616C75650000004D4F4445E2
:1007E800000000005330000074746C737461746509
:1007F8000000000053310000533200005333000062
:1008080053340000533500005336000053370000BE
:100818005354415445000000534156450000000020
:100828004C4F414400000000563100005632000091
:10083800563300005400000056414C00646F756246
:100848006C6500004D494E004D4158005441424FDF
:100858004E00000069736F6E000000004D455300A4
:100868006D6573746162000053495A4500000000C9
:10087800696E7400434F554E54000000504F5300AA
:10088800495300003B0000000A0000003803002420
:10089800CC0701083000000064656661756C74540B
:1008A80061736B00696E7465726661636554617328
:1008B8006B0000007B200000252E3266000000003F
:1008C8002C200000207D00002C0A0000B00300242A
:1008D80090040024700500245006002430070024EA
:1008E80010080024F0080024D009002449444C458D
:1008F80000000000546D722053766300546D7251ED
:1009080000000000A008010800000000000000002E
:1009180000000000000000000002000018000000B5
:100928000000000000000000AC0801080000000002
:1009380000000000000000000000000000020000AD
:100948000800000000000000000000000000000097
:10095800010203040102030406070809010002005A
:100968000400060008000A000C00100020004000E7
:1009780080000001010101030701000008040204CE
:1009880008010101494E4600696E66004E414E005D
:100998006E616E00300030313233343536373839D5
:1009A80041424344454600303132333435363738D6
:1009B8003961626364656600496E66696E69747957
:1009C800004E614E005245454E54206D616C6C6F6F
:1009D8006320737563636565646564002F62756978
:1009E8006C642F676E752D746F6F6C732D666F72E4
:1009F8002D73746D33325F31322E332E72656C3144
:100A08002E32303234303631322D313331352F7386
:100A180072632F6E65776C69622F6E65776C696299
:100A28002F6C6962632F7374646C69622F64746FCE
:100A3800612E630042616C6C6F632073756363653C
:100A480065646564002F6275696C642F676E752D27
:100A5800746F6F6C732D666F722D73746D33325FA4
:100A680031322E332E72656C312E323032343036BC
:100A780031322D313331352F7372632F6E65776CB8
:100A880069622F6E65776C69622F6C6962632F7378
:100A980074646C69622F6D707265632E6300000068
:100AA80005000000190000007D00000000000000A3
:100AB8000080E03779C34143176E05B5B5B8934652
:100AC800F5F93FE9034F384D321D30F94877825A1E
:100AD8003CBF737FDD4F1575000000000000F03F3C
:100AE8000000000000002440000000000000594001
:100AF8000000000000408F40000000000088C34054
:100B080000000000006AF8400000000080842E41C8
:100B180000000000D01263410000000084D7974114
:100B28000000000065CDCD41000000205FA002421A
:100B3800000000E876483742000000A2941A6D428F
:100B4800000040E59C30A2420000901EC4BCD64282
:100B580000003426F56B0C430080E03779C341432D
:100B680000A0D8855734764300C84E676DC1AB43A3
:100B7800003D9160E458E143408CB5781DAF1544C1
:100B880050EFE2D6E41A4B4492D54D06CFF080449C
:100B9800F64AE1C7022DB544B49DD9794378EA44B1
:100BA8000020202020202020202028282828282035
:100BB800202020202020202020202020202020202D
:100BC8002088101010101010101010101010101095
:100BD8001004040404040404040404101010101085
:100BE800101041414141414101010101010101014F
:100BF80001010101010101010101010110101010A1
:100C08001010424242424242020202020202020220
:100C18000202020202020202020202021010101074
:100C2800200000000000000000000000000000009C
:100C380000000000000000000000000000000000AC
:100C4800000000000000000000000000000000009C
:100C5800000000000000000000000000000000008C
:100C6800000000000000000000000000000000007C
:100C7800000000000000000000000000000000006C
:100C8800000000000000000000000000000000005C
:100C9800000000000000000000000000000000004C
:100CA800004300504F534958002E002C2066756EA3
:100CB8006374696F6E3A2000617373657274696F4B
:100CC8006E2022257322206661696C65643A20666D
:100CD800696C6520222573222C206C696E6520259D
:100CE80064257325730A00232D302B2000686C4C73
:100CF80000656667454647000038FAFE422EE63F23
:100D08003067C79357F32E3D010000000000E0BF95
:100D18005B3051555555D53F9045EBFFFFFFCFBF91
:100D28001101F124B399C93F9FC806E57555C5BFA0
:100D3800000000000000E0BF775555555555D53FD8
:100D4800CBFDFFFFFFFFCFBF0CDD95999999C93FF8
:100D5800A74567555555C5BF30DE44A32449C23F52
:100D6800653D42A4FFFFBFBFCAD62A288471BC3F95
:100D7800FF68B043EB99B9BF85D0AFF78281B73F21
:100D8800CD45D1751352B5BF9FDEE0C3F034F73FB0
:100D98000090E6797FCCD7BF1FE92C6A7813F73F1C
:100DA80000000DC2EE6FD7BFA0B5FA0860F2F63F9B
:100DB80000E05113E313D7BF7D8C131FA6D1F63F74
:100DC800007828385BB8D6BFD1B4C50B49B1F63F17
:100DD80000788090555DD6BFBA0C2F334791F63F07
:100DE80000001876D002D6BF234222189F71F63F22
:100DF80000909086CAA8D5BFD91EA5994F52F63F34
:100E080000500356434FD5BFC4248FAA5633F63F2C
:100E180000406BC337F6D4BF14DC9D6BB314F63FA8
:100E28000050A8FDA79DD4BF4C5CC65264F6F53FA0
:100E380000A889399245D4BF4F2C91B567D8F53FA2
:100E480000B8B039F4EDD3BFDE905BCBBCBAF53F48
:100E580000708F44CE96D3BF781AD9F2619DF53FC2
:100E680000A0BD171E40D3BF875646125680F53FD7
:100E7800008046EFE2E9D2BFD36BE7CE9763F53F38
:100E880000E030381B94D2BF937FA7E22547F53F97
:100E98000088DA8CC53ED2BF83450642FF2AF53F5B
:100EA80000902729E1E9D1BFDFBDB2DB220FF53F72
:100EB80000F8482B6D95D1BFD7DE34478FF3F43F48
:100EC80000F8B99A6741D1BF4028DECF43D8F43F34
:100ED8000098EF94D0EDD0BFC8A378C03EBDF43FD2
:100EE8000010DB18A59AD0BF8A25E0C37FA2F43F83
:100EF80000B86352E647D0BF3484D4240588F43F51
:100F080000F0864522EBCFBF0B2D191BCE6DF43FA9
:100F180000B017754A47CFBF541839D3D953F43F97
:100F28000030103D44A4CEBF5A84B444273AF43F5D
:100F380000B0E9440D02CEBFFBF81541B520F43FDF
:100F480000F07729A260CDBFB1F43EDA8207F43F02
:100F58000090950401C0CCBF8FFE575D8FEEF33F24
:100F6800001089562920CCBFE94C0BA0D9D5F33FF6
:100F78000010818D1781CBBF2BC110C060BDF33F1E
:100F880000D0D3CCC9E2CABFB8DA752B24A5F33F89
:100F98000090122E4045CABF02D09FCD228DF33F4C
:100FA80000F01D6877A8C9BF1C7A84C55B75F33F3C
:100FB800003048696D0CC9BFE236AD49CE5DF33FDC
:100FC80000C045A62071C8BF40D44D987946F33F6C
:100FD800003014B48FD6C7BF24CBFFCE5C2FF33FAD
:100FE8000070623CB83CC7BF490DA1757718F33F44
:100FF8000060379B9AA3C6BF90393E37C801F33FBC
:1010080000A0B754310BC6BF41F895BB4EEBF23F79
:10101800003024767D73C5BFD1A919020AD5F23FE5
:101028000030C28F7BDCC4BF2AFDB7A8F9BEF23FEF
:101038000000D2512C46C4BFAB1B0C7A1CA9F23F4E
:10104800000083BC8AB0C3BF30B514607293F23F0E
:101058000000496B991BC3BFF5A15757FA7DF23FB2
:101068000040A4905487C2BFBF3B1D9BB368F23FAA
:1010780000A079F8B9F3C1BFBDF58F839D53F23F46
:1010880000A02C25C860C1BF3B08C9AAB73EF23FE3
:101098000020F7577FCEC0BFB640A92B012AF23FE8
:1010A80000A0FE49DC3CC0BF3241CC967915F23F26
:1010B80000804BBCBD57BFBF9BFCD21D2001F23F37
:1010C800004040960837BEBF0B484D49F4ECF13F4D
:1010D8000040F93E9817BDBF69658F52F5D8F13FBA
:1010E80000A0D84E67F9BBBF7C7E571123C5F13FDE
:1010F80000602F2079DCBABFE926CB747CB1F13FC0
:10110800008028E7C3C0B9BFB61A2C0C019EF13F76
:1011180000C072B346A6B8BFBD70B67BB08AF13FB7
:101128000000ACB3018DB7BFB6BCEF258A77F13F9D
:1011380000003845F174B6BFDA314C358D64F13FA3
:101148000080876D0E5EB5BFDD5F2790B951F13F16
:1011580000E0A1DE5C48B4BF4CD232A40E3FF13FA0
:1011680000A06A4DD933B3BFDAF910728B2CF13F66
:101178000060C5F87920B2BF31B5EC28301AF13FCC
:1011880000206298460EB1BFAF3484DAFB07F13F06
:101198000000D26A6CFAAFBFB36B4E0FEEF5F03FAA
:1011A8000040774A8DDAADBFCE9F2A5D06E4F03F56
:1011B800000085E4ECBCABBF21A52C6344D2F03F12
:1011C80000C0124089A1A9BF1A98E27CA7C0F03FCD
:1011D80000C002335888A7BFD136C6832FAFF03F6F
:1011E8000080D6675E71A5BF3913A098DB9DF03FDC
:1011F800008065498A5CA3BFDFE752AFAB8CF03F44
:1012080000401564E349A1BFFB284E2F9F7BF03FA8
:101218000080EB82C0729EBF198F358CB56AF03F93
:1012280000805252F1559ABF2CF9ECA5EE59F03FC7
:10123800008081CF623D96BF902CD1CD4949F03FC7
:101248000000AA8CFB2892BFA9ADF0C6C638F03FB3
:101258000000F9207B318CBFA93279136528F03F53
:101268000000AA5D351984BF4873EA272418F03FA7
:101278000000ECC2031278BF95B114060408F03FD1
:1012880000002479090460BF1AFA26F71FE0EF3F2F
:1012980000009084F3EF6F3F74EA61C21CA1EF3F36
:1012A80000003D3541DC873F2E9981B01063EF3F48
:1012B8000080C2C4A3CE933FCDADEE3CF625EF3FF0
:1012C80000008914C19F9B3FE7139103C8E9EE3FD3
:1012D800000011CED8B0A13FABB1CB7880AEEE3FC5
:1012E80000C001D05B8AA53F9B0C9DA21A74EE3FFB
:1012F8000080D840835CA93FB5990A83913AEE3FB4
:10130800008057EF6A27AD3F569A6009E001EE3F2B
:1013180000C098E59875B03F98BB77E501CAED3FE6
:1013280000200DE3F553B23F03917C0BF292ED3FA1
:101338000000388BDD2EB43FCE5CFB66AC5CED3F25
:1013480000C057875906B63F9DDE5EAA2C27ED3FA1
:1013580000006A3576DAB73FCD2C6B3E6EF2EC3F73
:1013680000601C4E43ABB93F0279A7A26DBEEC3FAB
:1013780000600DBBC778BB3F6D08376D268BEC3F0F
:101388000020E7321343BD3F04585DBD9458EC3F3D
:101398000060DE71310ABF3F8C9FBB33B526EC3F3E
:1013A8000040912B1567C03F3FE7ECEE83F5EB3F1C
:1013B80000B092828547C13FC196DB75FDC4EB3F03
:1013C8000030CACD6E26C23F284A860C1E95EB3FD8
:1013D8000050C5A6D703C33F2C3EEFC5E265EB3FDF
:1013E8000010333CC3DFC33F8B88C9674837EB3FE6
:1013F80000807A6B36BAC43F4A301D214B09EB3F57
:1014080000F0D1283993C53F7EEFF285E8DBEA3F4B
:1014180000F01824CD6AC63FA23D60311DAFEA3FF7
:10142800009066ECF840C73FA758D33FE682EA3FF2
:1014380000F01AF5C015C83F8B7309EF4057EA3F13
:101448000080F65429E9C83F274BAB902A2CEA3F85
:101458000040F80236BBC93FD1F29313A001EA3F1E
:1014680000002C1CED8BCA3F1B3CDB249FD7E93FB7
:1014780000D0015C515BCB3F90B1C70525AEE93F79
:1014880000C0BCCC6729CC3F2FCE97F22E85E93F10
:10149800006048D535F6CC3F754BA4EEBA5CE93F01
:1014A80000C04634BDC1CD3F3848E79DC634E93F4A
:1014B80000E0CFB8018CCE3FE652672F4F0DE93FD1
:1014C800009017C00955CF3F9DD7FF8E52E6E83FE1
:1014D80000B81F126C0ED03F7C00CC9FCEBFE83FF7
:1014E80000D0930EB871D03F0EC3BEDAC099E83F62
:1014F8000070869E6BD4D03FFB1723AA2774E83F61
:1015080000D04B338736D13F089AB3AC004FE83F41
:10151800004823670D98D13F553E65E8492AE83FC2
:101528000080CCE0FFF8D13F6002F4950106E83F67
:10153800006863D75F59D23F29A3E06325E2E73FFC
:1015480000A8140930B9D23FADB5DC77B3BEE73F88
:10155800006043107218D33FC2259767AA9BE73FE4
:101568000018EC6D2677D33F570617F20779E73F47
:101578000030AFFB4FD5D33F0C13D6DBCA56E73F3D
:0815880000E02FE3EE32D43F36
:0815900050EDFE7F0100000098
:04159800C502000880
:04159C00A1020008A0
:1015A000000000000000000000000000000000003B
:1015B0000000000000000000000000000000F03FFC
:1015C000000000000000000000000000000000001B
:1015D0000000000000000000000000000000F03FDC
:1015E00000000000000000000000000000000000FB
:1015F0000000000000000000000000000000F03FBC
:1016000000000000000000000000000000000000DA
:101610000000000000000000000000000000F03F9B
:1016200000000000000000000000000000000000BA
:101630000000000000000000000000000000F03F7B
:10164000000000000000000000000000000000009A
:101650000000000000000000000000000000F03F5B
:10166000000000000000000000000000000000007A
:101670000000000000000000000000000000F03F3B
:10168000000000000000000000000000000000005A
:101690000000000000000000000000000000F03F1B
:1016A000000000000000000000000000000000003A
:1016B0000000000000000000000000000000F03FFB
:1016C0000010025800100258000802580020004084
:1016D00008000000030000000090D0030090D00339
:1016E0001000000001000000AAAAAAAA0000000041
:1016F00003000000105900245C01002400000000D9
:101700001059002478590024E059002400000000FA
:1017100000000000000000000000000000000000C9
:1017200000000000000000000000000000000000B9
:1017300000000000000000000000000000000000A9
:101740000000000000000000430000000000000056
:101750000000000000000000000000000000000089
:101760000000000000000000430000000000000036
:101770000000000000000000000000000000000069
:101780000000000000000000430000000000000016
:101790000000000000000000000000000000000049
:1017A00000000000000000004300000000000000F6
:1017B0000000000000000000000000000000000029
:1017C00000000000000000004300000000000000D6
:1017D0000000000000000000000000000000000009
:1017E00000000000000000004300000000000000B6
:1017F00000000000000000000000000000000000E9
:101800000000000000000000430000000000000095
:1018100000000000000000000000000000000000C8
:101820000000000000000000EDFD0008C9FD0008F8
:1018300000000000A80B0108B10C0108EE0C010823
:10184000EE0C0108EE0C0108EE0C0108EE0C01088C
:10185000EE0C0108EE0C0108EE0C0108EE0C01087C
:10186000FFFFFFFFFFFFFFFFFFFFFFFFFFFF000086
:1018700001004153434949000000000000000000FE
:101880000000000000000000000000000000000058
:1018900000004153434949000000000000000000DF
:1018A0000000000000000000000000000000000038
:0418B0000000000034
:0400000508003A1D98
:00000001FF
